交易日,当日收益率,累计收益率,指数累计,控仓收益_20,控仓累计_20,控仓收益_5,控仓累计_5
2019-05-06,0.0,0.0,-3.28,0.0,0.0,0.0,0.0
2019-05-07,0.8,0.8,-2.7,0.0,0.0,0.0,0.0
2019-05-08,0.0,0.8,-2.29,0.0,0.0,0.0,0.0
2019-05-09,0.15,0.95,-2.25,0.0,0.0,0.0,0.0
2019-05-10,0.4,1.35,-0.37,0.4,0.4,0.0,0.0
2019-05-13,0.0,1.35,-0.84,0.0,0.4,0.0,0.0
2019-05-14,0.8,2.15,-0.64,0.8,1.2000000000000002,0.0,0.0
2019-05-15,0.0,2.15,0.63,0.0,1.2000000000000002,0.0,0.0
2019-05-16,0.0,2.15,0.85,0.0,1.2000000000000002,0.0,0.0
2019-05-17,-0.17,1.98,-0.71,-0.0,1.2000000000000002,-0.0,0.0
2019-05-20,0.0,1.98,-1.37,0.0,1.2000000000000002,0.0,0.0
2019-05-21,-0.01,1.97,-0.75,-0.0,1.2000000000000002,-0.0,0.0
2019-05-22,0.0,1.97,-0.81,0.0,1.2000000000000002,0.0,0.0
2019-05-23,0.0,1.97,-1.66,0.0,1.2000000000000002,0.0,0.0
2019-05-24,0.0,1.97,-1.83,0.0,1.2000000000000002,0.0,0.0
2019-05-27,0.0,1.97,-1.37,0.0,1.2000000000000002,0.0,0.0
2019-05-28,0.0,1.97,-1.23,0.0,1.2000000000000002,0.0,0.0
2019-05-29,0.0,1.97,-1.2,0.0,1.2000000000000002,0.0,0.0
2019-05-30,0.0,1.97,-1.8,0.0,1.2000000000000002,0.0,0.0
2019-05-31,0.0,1.97,-1.96,0.0,1.2000000000000002,0.0,0.0
2019-06-03,0.0,1.97,-2.78,0.0,1.2000000000000002,0.0,0.0
2019-06-04,-0.53,1.44,-3.68,-0.0,1.2000000000000002,-0.0,0.0
2019-06-05,0.4,1.84,-3.77,0.0,1.2000000000000002,0.0,0.0
2019-06-06,0.0,1.84,-4.68,0.0,1.2000000000000002,0.0,0.0
2019-06-10,0.0,1.84,-4.18,0.0,1.2000000000000002,0.0,0.0
2019-06-11,0.0,1.84,-2.41,0.0,1.2000000000000002,0.0,0.0
2019-06-12,0.0,1.84,-2.75,0.0,1.2000000000000002,0.0,0.0
2019-06-13,0.3,2.14,-2.71,0.3,1.5000000000000002,0.0,0.0
2019-06-14,0.0,2.14,-3.43,0.0,1.5000000000000002,0.0,0.0
2019-06-17,0.0,2.14,-3.61,0.0,1.5000000000000002,0.0,0.0
2019-06-18,0.0,2.14,-3.67,0.0,1.5000000000000002,0.0,0.0
2019-06-19,0.4,2.54,-3.03,0.4,1.9000000000000004,0.0,0.0
2019-06-20,0.0,2.54,-1.87,0.0,1.9000000000000004,0.0,0.0
2019-06-21,0.0,2.54,-0.89,0.0,1.9000000000000004,0.0,0.0
2019-06-24,0.0,2.54,-0.95,0.0,1.9000000000000004,0.0,0.0
2019-06-25,0.0,2.54,-1.42,0.0,1.9000000000000004,0.0,0.0
2019-06-26,0.0,2.54,-1.1,0.0,1.9000000000000004,0.0,0.0
2019-06-27,0.0,2.54,-0.5,0.0,1.9000000000000004,0.0,0.0
2019-06-28,0.0,2.54,-0.51,0.0,1.9000000000000004,0.0,0.0
2019-07-01,0.0,2.54,1.05,0.0,1.9000000000000004,0.0,0.0
2019-07-02,0.0,2.54,1.01,0.0,1.9000000000000004,0.0,0.0
2019-07-03,0.28,2.82,0.61,0.28,2.1800000000000006,0.28,0.28
2019-07-04,0.0,2.82,0.59,0.0,2.1800000000000006,0.0,0.28
2019-07-05,-0.15,2.67,0.55,-0.0,2.1800000000000006,-0.15,0.13000000000000003
2019-07-08,-0.4,2.27,-0.61,-0.0,2.1800000000000006,-0.4,-0.27
2019-07-09,-0.01,2.26,-0.67,-0.0,2.1800000000000006,-0.01,-0.28
2019-07-10,0.4,2.66,-0.93,0.0,2.1800000000000006,0.4,0.12
2019-07-11,0.54,3.2,-0.94,0.0,2.1800000000000006,0.54,0.66
2019-07-12,0.0,3.2,-0.75,0.0,2.1800000000000006,0.0,0.66
2019-07-15,0.0,3.2,-0.56,0.0,2.1800000000000006,0.0,0.66
2019-07-16,0.0,3.2,-0.46,0.0,2.1800000000000006,0.0,0.66
2019-07-17,0.0,3.2,-0.22,0.0,2.1800000000000006,0.0,0.66
2019-07-18,0.01,3.21,-0.8,0.0,2.1800000000000006,0.0,0.66
2019-07-19,0.0,3.21,-0.62,0.0,2.1800000000000006,0.0,0.66
2019-07-22,0.0,3.21,-1.42,0.0,2.1800000000000006,0.0,0.66
2019-07-23,0.0,3.21,-1.19,0.0,2.1800000000000006,0.0,0.66
2019-07-24,0.0,3.21,-0.87,0.0,2.1800000000000006,0.0,0.66
2019-07-25,0.0,3.21,-0.41,0.0,2.1800000000000006,0.0,0.66
2019-07-26,0.0,3.21,0.06,0.0,2.1800000000000006,0.0,0.66
2019-07-29,0.0,3.21,0.27,0.0,2.1800000000000006,0.0,0.66
2019-07-30,0.0,3.21,0.74,0.0,2.1800000000000006,0.0,0.66
2019-07-31,0.0,3.21,0.84,0.0,2.1800000000000006,0.0,0.66
2019-08-01,0.0,3.21,0.63,0.0,2.1800000000000006,0.0,0.66
2019-08-02,-0.4,2.81,0.23,-0.0,2.1800000000000006,-0.4,0.26
2019-08-05,0.0,2.81,-0.34,0.0,2.1800000000000006,0.0,0.26
2019-08-06,0.0,2.81,-1.11,0.0,2.1800000000000006,0.0,0.26
2019-08-07,0.0,2.81,-0.69,0.0,2.1800000000000006,0.0,0.26
2019-08-08,0.0,2.81,-0.43,0.0,2.1800000000000006,0.0,0.26
2019-08-09,0.0,2.81,-0.53,0.0,2.1800000000000006,0.0,0.26
2019-08-12,0.86,3.67,-0.08,0.86,3.0400000000000005,0.86,1.12
2019-08-13,0.0,3.67,-0.12,0.0,3.0400000000000005,0.0,1.12
2019-08-14,0.0,3.67,0.05,0.0,3.0400000000000005,0.0,1.12
2019-08-15,-0.4,3.27,0.2,-0.4,2.6400000000000006,-0.4,0.7200000000000001
2019-08-16,0.0,3.27,0.65,0.0,2.6400000000000006,0.0,0.7200000000000001
2019-08-19,0.0,3.27,1.94,0.0,2.6400000000000006,0.0,0.7200000000000001
2019-08-20,0.0,3.27,2.0,0.0,2.6400000000000006,0.0,0.7200000000000001
2019-08-21,-0.1,3.17,2.05,-0.1,2.5400000000000005,-0.1,0.6200000000000001
2019-08-22,-0.0,3.17,2.03,-0.0,2.5400000000000005,-0.0,0.6200000000000001
2019-08-23,0.4,3.57,2.25,0.4,2.9400000000000004,0.4,1.02
2019-08-26,0.0,3.57,2.07,0.0,2.9400000000000004,0.0,1.02
2019-08-27,0.4,3.97,2.8,0.4,3.3400000000000003,0.4,1.42
2019-08-28,0.0,3.97,2.96,0.0,3.3400000000000003,0.0,1.42
2019-08-29,0.0,3.97,2.94,0.0,3.3400000000000003,0.0,1.42
2019-08-30,0.0,3.97,2.68,0.0,3.3400000000000003,0.0,1.42
2019-09-02,0.96,4.93,3.37,0.96,4.300000000000001,0.96,2.38
2019-09-03,0.0,4.93,3.68,0.0,4.300000000000001,0.0,2.38
2019-09-04,0.0,4.93,3.87,0.0,4.300000000000001,0.0,2.38
2019-09-05,0.0,4.93,4.68,0.0,4.300000000000001,0.0,2.38
2019-09-06,0.0,4.93,5.17,0.0,4.300000000000001,0.0,2.38
2019-09-09,0.0,4.93,6.21,0.0,4.300000000000001,0.0,2.38
2019-09-10,-0.26,4.67,6.37,-0.26,4.040000000000001,-0.26,2.12
2019-09-11,0.0,4.67,5.96,0.0,4.040000000000001,0.0,2.12
2019-09-12,0.0,4.67,6.06,0.0,4.040000000000001,0.0,2.12
2019-09-16,0.0,4.67,6.01,0.0,4.040000000000001,0.0,2.12
2019-09-17,0.0,4.67,4.81,0.0,4.040000000000001,0.0,2.12
2019-09-18,0.0,4.67,4.82,0.0,4.040000000000001,0.0,2.12
2019-09-19,0.0,4.67,5.24,0.0,4.040000000000001,0.0,2.12
2019-09-20,0.0,4.67,5.65,0.0,4.040000000000001,0.0,2.12
2019-09-23,0.0,4.67,5.19,0.0,4.040000000000001,0.0,2.12
2019-09-24,-0.4,4.27,5.36,-0.4,3.640000000000001,-0.4,1.7200000000000002
2019-09-25,0.0,4.27,4.73,0.0,3.640000000000001,0.0,1.7200000000000002
2019-09-26,0.0,4.27,3.87,0.0,3.640000000000001,0.0,1.7200000000000002
2019-09-27,-0.13,4.14,4.11,-0.0,3.640000000000001,-0.0,1.7200000000000002
2019-09-30,-0.2,3.94,3.95,-0.0,3.640000000000001,-0.0,1.7200000000000002
2019-10-08,0.02,3.96,3.95,0.0,3.640000000000001,0.0,1.7200000000000002
2019-10-09,0.01,3.97,4.11,0.01,3.650000000000001,0.0,1.7200000000000002
2019-10-10,0.0,3.97,4.78,0.0,3.650000000000001,0.0,1.7200000000000002
2019-10-11,0.0,3.97,5.06,0.0,3.650000000000001,0.0,1.7200000000000002
2019-10-14,0.02,3.99,5.7,0.02,3.670000000000001,0.02,1.7400000000000002
2019-10-15,0.0,3.99,5.23,0.0,3.670000000000001,0.0,1.7400000000000002
2019-10-16,0.0,3.99,5.0,0.0,3.670000000000001,0.0,1.7400000000000002
2019-10-17,0.0,3.99,4.97,0.0,3.670000000000001,0.0,1.7400000000000002
2019-10-18,0.0,3.99,4.56,0.0,3.670000000000001,0.0,1.7400000000000002
2019-10-21,0.0,3.99,4.08,0.0,3.670000000000001,0.0,1.7400000000000002
2019-10-22,0.0,3.99,4.35,0.0,3.670000000000001,0.0,1.7400000000000002
2019-10-23,0.0,3.99,4.19,0.0,3.670000000000001,0.0,1.7400000000000002
2019-10-24,-0.09,3.9,3.9,-0.0,3.670000000000001,-0.0,1.7400000000000002
2019-10-25,0.27,4.17,4.36,0.27,3.940000000000001,0.0,1.7400000000000002
2019-10-28,0.0,4.17,5.2,0.0,3.940000000000001,0.0,1.7400000000000002
2019-10-29,-0.11,4.06,4.87,-0.11,3.830000000000001,-0.11,1.6300000000000001
2019-10-30,-0.16,3.9,4.01,-0.0,3.830000000000001,-0.0,1.6300000000000001
2019-10-31,0.0,3.9,3.6,0.0,3.830000000000001,0.0,1.6300000000000001
2019-11-01,-0.1,3.8,3.96,-0.0,3.830000000000001,-0.0,1.6300000000000001
2019-11-04,0.0,3.8,4.27,0.0,3.830000000000001,0.0,1.6300000000000001
2019-11-05,0.0,3.8,4.64,0.0,3.830000000000001,0.0,1.6300000000000001
2019-11-06,0.0,3.8,4.49,0.0,3.830000000000001,0.0,1.6300000000000001
2019-11-07,0.0,3.8,4.95,0.0,3.830000000000001,0.0,1.6300000000000001
2019-11-08,0.0,3.8,4.88,0.0,3.830000000000001,0.0,1.6300000000000001
2019-11-11,0.0,3.8,4.19,0.0,3.830000000000001,0.0,1.6300000000000001
2019-11-12,-0.05,3.75,4.11,-0.0,3.830000000000001,-0.0,1.6300000000000001
2019-11-13,0.0,3.75,3.94,0.0,3.830000000000001,0.0,1.6300000000000001
2019-11-14,0.01,3.76,4.08,0.0,3.830000000000001,0.0,1.6300000000000001
2019-11-15,0.0,3.76,3.68,0.0,3.830000000000001,0.0,1.6300000000000001
2019-11-18,0.0,3.76,3.89,0.0,3.830000000000001,0.0,1.6300000000000001
2019-11-19,0.0,3.76,4.49,0.0,3.830000000000001,0.0,1.6300000000000001
2019-11-20,0.0,3.76,4.41,0.0,3.830000000000001,0.0,1.6300000000000001
2019-11-21,0.0,3.76,4.14,0.0,3.830000000000001,0.0,1.6300000000000001
2019-11-22,-0.22,3.54,3.83,-0.0,3.830000000000001,-0.0,1.6300000000000001
2019-11-25,0.4,3.94,3.73,0.0,3.830000000000001,0.0,1.6300000000000001
2019-11-26,0.0,3.94,3.82,0.0,3.830000000000001,0.0,1.6300000000000001
2019-11-27,0.0,3.94,3.77,0.0,3.830000000000001,0.0,1.6300000000000001
2019-11-28,0.0,3.94,3.56,0.0,3.830000000000001,0.0,1.6300000000000001
2019-11-29,0.0,3.94,3.45,0.0,3.830000000000001,0.0,1.6300000000000001
2019-12-02,0.0,3.94,3.4,0.0,3.830000000000001,0.0,1.6300000000000001
2019-12-03,0.0,3.94,3.54,0.0,3.830000000000001,0.0,1.6300000000000001
2019-12-04,0.0,3.94,3.69,0.0,3.830000000000001,0.0,1.6300000000000001
2019-12-05,0.0,3.94,4.18,0.0,3.830000000000001,0.0,1.6300000000000001
2019-12-06,0.4,4.34,4.53,0.4,4.230000000000001,0.4,2.0300000000000002
2019-12-09,0.0,4.34,4.7,0.0,4.230000000000001,0.0,2.0300000000000002
2019-12-10,0.0,4.34,5.14,0.0,4.230000000000001,0.0,2.0300000000000002
2019-12-11,0.0,4.34,5.37,0.0,4.230000000000001,0.0,2.0300000000000002
2019-12-12,0.0,4.34,5.38,0.0,4.230000000000001,0.0,2.0300000000000002
2019-12-13,0.0,4.34,5.93,0.0,4.230000000000001,0.0,2.0300000000000002
2019-12-16,0.0,4.34,6.99,0.0,4.230000000000001,0.0,2.0300000000000002
2019-12-17,0.05,4.39,7.84,0.05,4.280000000000001,0.05,2.08
2019-12-18,0.0,4.39,8.17,0.0,4.280000000000001,0.0,2.08
2019-12-19,0.0,4.39,8.11,0.0,4.280000000000001,0.0,2.08
2019-12-20,-0.25,4.14,7.99,-0.25,4.030000000000001,-0.25,1.83
2019-12-23,0.0,4.14,7.25,0.0,4.030000000000001,0.0,1.83
2019-12-24,0.4,4.54,8.17,0.4,4.4300000000000015,0.4,2.23
2019-12-25,0.0,4.54,8.34,0.0,4.4300000000000015,0.0,2.23
2019-12-26,0.0,4.54,8.96,0.0,4.4300000000000015,0.0,2.23
2019-12-27,0.0,4.54,8.78,0.0,4.4300000000000015,0.0,2.23
2019-12-30,0.28,4.82,9.13,0.28,4.710000000000002,0.28,2.51
2019-12-31,-0.06,4.76,9.74,-0.06,4.650000000000002,-0.06,2.4499999999999997
2020-01-02,0.0,4.76,10.99,0.0,4.650000000000002,0.0,2.4499999999999997
2020-01-03,0.0,4.76,11.16,0.0,4.650000000000002,0.0,2.4499999999999997
2020-01-06,0.0,4.76,11.74,0.0,4.650000000000002,0.0,2.4499999999999997
2020-01-07,-0.03,4.73,12.46,-0.03,4.620000000000002,-0.03,2.42
2020-01-08,-0.08,4.65,11.89,-0.08,4.540000000000002,-0.08,2.34
2020-01-09,0.4,5.05,12.92,0.4,4.940000000000002,0.4,2.7399999999999998
2020-01-10,-0.16,4.89,12.63,-0.16,4.780000000000002,-0.16,2.5799999999999996
2020-01-13,0.0,4.89,13.31,0.0,4.780000000000002,0.0,2.5799999999999996
2020-01-14,0.0,4.89,13.67,0.0,4.780000000000002,0.0,2.5799999999999996
2020-01-15,0.0,4.89,13.15,0.0,4.780000000000002,0.0,2.5799999999999996
2020-01-16,0.0,4.89,12.81,0.0,4.780000000000002,0.0,2.5799999999999996
2020-01-17,0.0,4.89,12.83,0.0,4.780000000000002,0.0,2.5799999999999996
2020-01-20,0.0,4.89,13.94,0.0,4.780000000000002,0.0,2.5799999999999996
2020-01-21,0.0,4.89,13.74,0.0,4.780000000000002,0.0,2.5799999999999996
2020-01-22,0.0,4.89,14.25,0.0,4.780000000000002,0.0,2.5799999999999996
2020-01-23,0.4,5.29,12.36,0.0,4.780000000000002,0.4,2.9799999999999995
2020-02-03,-0.8,4.49,7.42,-0.0,4.780000000000002,-0.0,2.9799999999999995
2020-02-04,0.8,5.29,10.25,0.0,4.780000000000002,0.0,2.9799999999999995
2020-02-05,0.0,5.29,11.96,0.0,4.780000000000002,0.0,2.9799999999999995
2020-02-06,0.71,6.0,13.46,0.71,5.490000000000002,0.71,3.6899999999999995
2020-02-07,0.4,6.4,13.36,0.4,5.890000000000002,0.4,4.09
2020-02-10,0.8,7.2,14.25,0.8,6.690000000000002,0.8,4.89
2020-02-11,0.0,7.2,14.28,0.0,6.690000000000002,0.0,4.89
2020-02-12,0.06,7.26,15.71,0.06,6.750000000000002,0.06,4.949999999999999
2020-02-13,0.0,7.26,15.48,0.0,6.750000000000002,0.0,4.949999999999999
2020-02-14,0.0,7.26,15.57,0.0,6.750000000000002,0.0,4.949999999999999
2020-02-17,0.4,7.66,17.35,0.4,7.150000000000002,0.4,5.35
2020-02-18,0.0,7.66,18.23,0.0,7.150000000000002,0.0,5.35
2020-02-19,0.0,7.66,18.48,0.0,7.150000000000002,0.0,5.35
2020-02-20,0.4,8.06,19.53,0.4,7.5500000000000025,0.4,5.75
2020-02-21,0.0,8.06,20.47,0.0,7.5500000000000025,0.0,5.75
2020-02-24,0.0,8.06,21.36,0.0,7.5500000000000025,0.0,5.75
2020-02-25,-0.14,7.92,21.26,-0.14,7.410000000000003,-0.14,5.61
2020-02-26,0.0,7.92,19.55,0.0,7.410000000000003,0.0,5.61
2020-02-27,-0.25,7.67,19.41,-0.0,7.410000000000003,-0.25,5.36
2020-02-28,0.0,7.67,17.14,0.0,7.410000000000003,0.0,5.36
2020-03-02,0.8,8.47,18.48,0.0,7.410000000000003,0.8,6.16
2020-03-03,0.0,8.47,19.22,0.0,7.410000000000003,0.0,6.16
2020-03-04,0.0,8.47,19.28,0.0,7.410000000000003,0.0,6.16
2020-03-05,0.8,9.27,20.48,0.8,8.210000000000003,0.8,6.96
2020-03-06,0.27,9.54,20.68,0.27,8.480000000000002,0.27,7.23
2020-03-09,-0.18,9.36,19.18,-0.0,8.480000000000002,-0.18,7.050000000000001
2020-03-10,-0.57,8.79,19.68,-0.0,8.480000000000002,-0.57,6.48
2020-03-11,0.0,8.79,19.8,0.0,8.480000000000002,0.0,6.48
2020-03-12,-0.46,8.33,19.14,-0.0,8.480000000000002,-0.0,6.48
2020-03-13,-0.8,7.53,18.76,-0.0,8.480000000000002,-0.0,6.48
2020-03-16,0.8,8.33,16.89,0.0,8.480000000000002,0.0,6.48
2020-03-17,2.0,10.33,17.39,0.0,8.480000000000002,0.0,6.48
2020-03-18,0.8,11.13,18.06,0.0,8.480000000000002,0.0,6.48
2020-03-19,0.4,11.53,19.38,0.4,8.880000000000003,0.4,6.880000000000001
2020-03-20,0.8,12.33,21.41,0.8,9.680000000000003,0.8,7.680000000000001
2020-03-23,-1.2,11.13,17.02,-0.0,9.680000000000003,-0.0,7.680000000000001
2020-03-24,1.78,12.91,18.97,0.0,9.680000000000003,0.0,7.680000000000001
2020-03-25,2.0,14.91,21.72,2.0,11.680000000000003,2.0,9.68
2020-03-26,0.0,14.91,21.36,0.0,11.680000000000003,0.0,9.68
2020-03-27,0.11,15.02,20.67,0.11,11.790000000000003,0.11,9.79
2020-03-30,-0.42,14.6,20.65,-0.0,11.790000000000003,-0.42,9.37
2020-03-31,0.4,15.0,21.39,0.4,12.190000000000003,0.4,9.77
2020-04-01,0.97,15.97,21.96,0.97,13.160000000000004,0.97,10.74
2020-04-02,0.4,16.37,21.01,0.0,13.160000000000004,0.4,11.14
2020-04-03,-0.8,15.57,19.6,-0.0,13.160000000000004,-0.0,11.14
2020-04-07,1.22,16.79,20.76,0.0,13.160000000000004,1.22,12.360000000000001
2020-04-08,-0.4,16.39,20.24,-0.0,13.160000000000004,-0.4,11.96
2020-04-09,0.21,16.6,20.17,0.0,13.160000000000004,0.21,12.170000000000002
2020-04-10,0.0,16.6,18.18,0.0,13.160000000000004,0.0,12.170000000000002
2020-04-13,0.0,16.6,16.77,0.0,13.160000000000004,0.0,12.170000000000002
2020-04-14,0.1,16.7,18.64,0.0,13.160000000000004,0.0,12.170000000000002
2020-04-15,-0.1,16.6,19.69,-0.1,13.060000000000004,-0.0,12.170000000000002
2020-04-16,0.0,16.6,20.66,0.0,13.060000000000004,0.0,12.170000000000002
2020-04-17,-0.2,16.4,20.85,-0.2,12.860000000000005,-0.2,11.970000000000002
2020-04-20,0.96,17.36,22.24,0.96,13.820000000000004,0.96,12.930000000000003
2020-04-21,0.0,17.36,22.36,0.0,13.820000000000004,0.0,12.930000000000003
2020-04-22,0.32,17.68,23.38,0.32,14.140000000000004,0.32,13.250000000000004
2020-04-23,0.0,17.68,23.68,0.0,14.140000000000004,0.0,13.250000000000004
2020-04-24,0.0,17.68,22.3,0.0,14.140000000000004,0.0,13.250000000000004
2020-04-27,1.51,19.19,23.07,1.51,15.650000000000004,1.51,14.760000000000003
2020-04-28,0.0,19.19,23.01,0.0,15.650000000000004,0.0,14.760000000000003
2020-04-29,0.04,19.23,22.53,0.0,15.650000000000004,0.04,14.800000000000002
2020-04-30,0.23,19.46,23.05,0.23,15.880000000000004,0.23,15.030000000000003
2020-05-06,0.16,19.62,23.79,0.16,16.040000000000003,0.16,15.190000000000003
2020-05-07,0.0,19.62,21.8,0.0,16.040000000000003,0.0,15.190000000000003
2020-05-08,-0.0,19.62,22.4,-0.0,16.040000000000003,-0.0,15.190000000000003
2020-05-11,0.0,19.62,22.71,0.0,16.040000000000003,0.0,15.190000000000003
2020-05-12,0.02,19.64,22.64,0.0,16.040000000000003,0.02,15.210000000000003
2020-05-13,0.0,19.64,22.5,0.0,16.040000000000003,0.0,15.210000000000003
2020-05-14,0.0,19.64,21.55,0.0,16.040000000000003,0.0,15.210000000000003
2020-05-15,0.33,19.97,21.12,0.0,16.040000000000003,0.0,15.210000000000003
2020-05-18,0.04,20.01,20.07,0.0,16.040000000000003,0.0,15.210000000000003
2020-05-19,1.22,21.23,20.09,0.0,16.040000000000003,0.0,15.210000000000003
2020-05-20,0.0,21.23,19.28,0.0,16.040000000000003,0.0,15.210000000000003
2020-05-21,0.1,21.33,19.09,0.0,16.040000000000003,0.0,15.210000000000003
2020-05-22,0.0,21.33,17.99,0.0,16.040000000000003,0.0,15.210000000000003
2020-05-25,-0.17,21.16,17.31,-0.0,16.040000000000003,-0.0,15.210000000000003
2020-05-26,0.19,21.35,18.55,0.19,16.230000000000004,0.0,15.210000000000003
2020-05-27,0.4,21.75,18.62,0.4,16.630000000000003,0.0,15.210000000000003
2020-05-28,-0.14,21.61,18.27,-0.14,16.490000000000002,-0.0,15.210000000000003
2020-05-29,1.3,22.91,19.14,1.3,17.790000000000003,0.0,15.210000000000003
2020-06-01,0.0,22.91,20.75,0.0,17.790000000000003,0.0,15.210000000000003
2020-06-02,0.0,22.91,20.9,0.0,17.790000000000003,0.0,15.210000000000003
2020-06-03,0.0,22.91,20.85,0.0,17.790000000000003,0.0,15.210000000000003
2020-06-04,-0.22,22.69,20.77,-0.22,17.570000000000004,-0.22,14.990000000000002
2020-06-05,0.0,22.69,20.53,0.0,17.570000000000004,0.0,14.990000000000002
2020-06-08,0.0,22.69,20.57,0.0,17.570000000000004,0.0,14.990000000000002
2020-06-09,-0.46,22.23,20.64,-0.0,17.570000000000004,-0.46,14.530000000000001
2020-06-10,0.0,22.23,20.46,0.0,17.570000000000004,0.0,14.530000000000001
2020-06-11,0.0,22.23,20.28,0.0,17.570000000000004,0.0,14.530000000000001
2020-06-12,0.0,22.23,20.29,0.0,17.570000000000004,0.0,14.530000000000001
2020-06-15,0.0,22.23,20.4,0.0,17.570000000000004,0.0,14.530000000000001
2020-06-16,1.2,23.43,21.21,1.2,18.770000000000003,1.2,15.73
2020-06-17,0.0,23.43,21.38,0.0,18.770000000000003,0.0,15.73
2020-06-18,0.27,23.7,21.41,0.27,19.040000000000003,0.27,16.0
2020-06-19,0.0,23.7,21.62,0.0,19.040000000000003,0.0,16.0
2020-06-22,0.0,23.7,21.44,0.0,19.040000000000003,0.0,16.0
2020-06-23,0.0,23.7,20.83,0.0,19.040000000000003,0.0,16.0
2020-06-24,0.0,23.7,20.67,0.0,19.040000000000003,0.0,16.0
2020-06-29,-0.4,23.3,20.2,-0.0,19.040000000000003,-0.0,16.0
2020-06-30,0.0,23.3,20.82,0.0,19.040000000000003,0.0,16.0
2020-07-01,0.4,23.7,21.12,0.4,19.44,0.4,16.4
2020-07-02,0.4,24.1,22.36,0.4,19.84,0.4,16.799999999999997
2020-07-03,0.0,24.1,23.51,0.0,19.84,0.0,16.799999999999997
2020-07-06,0.0,24.1,26.51,0.0,19.84,0.0,16.799999999999997
2020-07-07,0.0,24.1,27.19,0.0,19.84,0.0,16.799999999999997
2020-07-08,0.4,24.5,28.1,0.4,20.24,0.4,17.199999999999996
2020-07-09,0.0,24.5,29.49,0.0,20.24,0.0,17.199999999999996
2020-07-10,0.0,24.5,28.53,0.0,20.24,0.0,17.199999999999996
2020-07-13,0.4,24.9,31.0,0.4,20.639999999999997,0.4,17.599999999999994
2020-07-14,-0.4,24.5,30.18,-0.4,20.24,-0.4,17.199999999999996
2020-07-15,-0.66,23.84,28.69,-0.0,20.24,-0.66,16.539999999999996
2020-07-16,-0.8,23.04,25.21,-0.0,20.24,-0.8,15.739999999999995
2020-07-17,0.89,23.93,25.44,0.0,20.24,0.89,16.629999999999995
2020-07-20,0.4,24.33,27.64,0.4,20.639999999999997,0.4,17.029999999999994
2020-07-21,0.0,24.33,28.0,0.0,20.639999999999997,0.0,17.029999999999994
2020-07-22,0.25,24.58,28.73,0.25,20.889999999999997,0.25,17.279999999999994
2020-07-23,0.8,25.38,28.77,0.8,21.689999999999998,0.8,18.079999999999995
2020-07-24,-0.4,24.98,26.31,-0.0,21.689999999999998,-0.0,18.079999999999995
2020-07-27,-0.67,24.31,26.0,-0.0,21.689999999999998,-0.0,18.079999999999995
2020-07-28,0.5,24.81,26.99,0.0,21.689999999999998,0.0,18.079999999999995
2020-07-29,0.4,25.21,28.42,0.4,22.089999999999996,0.4,18.479999999999993
2020-07-30,0.0,25.21,28.57,0.0,22.089999999999996,0.0,18.479999999999993
2020-07-31,0.0,25.21,29.3,0.0,22.089999999999996,0.0,18.479999999999993
2020-08-03,0.0,25.21,31.09,0.0,22.089999999999996,0.0,18.479999999999993
2020-08-04,0.0,25.21,30.79,0.0,22.089999999999996,0.0,18.479999999999993
2020-08-05,0.8,26.01,31.65,0.8,22.889999999999997,0.8,19.279999999999994
2020-08-06,-0.4,25.61,31.39,-0.4,22.49,-0.4,18.879999999999995
2020-08-07,0.8,26.41,31.28,0.8,23.29,0.8,19.679999999999996
2020-08-10,0.82,27.23,32.8,0.82,24.11,0.82,20.499999999999996
2020-08-11,0.8,28.03,31.75,0.0,24.11,0.8,21.299999999999997
2020-08-12,0.02,28.05,31.6,0.0,24.11,0.02,21.319999999999997
2020-08-13,-0.22,27.83,32.33,-0.22,23.89,-0.22,21.099999999999998
2020-08-14,-0.07,27.76,32.01,-0.0,23.89,-0.07,21.029999999999998
2020-08-17,0.41,28.17,33.19,0.41,24.3,0.41,21.439999999999998
2020-08-18,0.0,28.17,33.68,0.0,24.3,0.0,21.439999999999998
2020-08-19,0.0,28.17,33.18,0.0,24.3,0.0,21.439999999999998
2020-08-20,0.4,28.57,32.62,0.0,24.3,0.4,21.839999999999996
2020-08-21,0.48,29.05,32.74,0.0,24.3,0.48,22.319999999999997
2020-08-24,-0.4,28.65,32.72,-0.0,24.3,-0.4,21.919999999999998
2020-08-25,0.0,28.65,32.74,0.0,24.3,0.0,21.919999999999998
2020-08-26,-0.4,28.25,31.7,-0.0,24.3,-0.0,21.919999999999998
2020-08-27,0.9,29.15,32.18,0.0,24.3,0.9,22.819999999999997
2020-08-28,0.13,29.28,32.61,0.13,24.43,0.13,22.949999999999996
2020-08-31,-0.02,29.26,32.99,-0.02,24.41,-0.02,22.929999999999996
2020-09-01,0.0,29.26,33.41,0.0,24.41,0.0,22.929999999999996
2020-09-02,-0.4,28.86,33.84,-0.4,24.01,-0.4,22.529999999999998
2020-09-03,0.0,28.86,33.58,0.0,24.01,0.0,22.529999999999998
2020-09-04,0.36,29.22,33.33,0.0,24.01,0.36,22.889999999999997
2020-09-07,-0.16,29.06,32.21,-0.0,24.01,-0.0,22.889999999999997
2020-09-08,0.11,29.17,31.87,0.0,24.01,0.0,22.889999999999997
2020-09-09,-0.4,28.77,30.12,-0.0,24.01,-0.0,22.889999999999997
2020-09-10,-0.4,28.37,28.72,-0.0,24.01,-0.0,22.889999999999997
2020-09-11,0.8,29.17,29.32,0.0,24.01,0.0,22.889999999999997
2020-09-14,0.0,29.17,29.88,0.0,24.01,0.0,22.889999999999997
2020-09-15,0.0,29.17,30.09,0.0,24.01,0.0,22.889999999999997
2020-09-16,-0.29,28.88,29.77,-0.29,23.720000000000002,-0.0,22.889999999999997
2020-09-17,0.0,28.88,29.81,0.0,23.720000000000002,0.0,22.889999999999997
2020-09-18,0.0,28.88,30.35,0.0,23.720000000000002,0.0,22.889999999999997
2020-09-21,-0.11,28.77,30.34,-0.11,23.610000000000003,-0.0,22.889999999999997
2020-09-22,0.0,28.77,29.66,0.0,23.610000000000003,0.0,22.889999999999997
2020-09-23,0.4,29.17,29.61,0.0,23.610000000000003,0.0,22.889999999999997
2020-09-24,0.0,29.17,28.04,0.0,23.610000000000003,0.0,22.889999999999997
2020-09-25,-0.4,28.77,27.62,-0.0,23.610000000000003,-0.0,22.889999999999997
2020-09-28,-0.24,28.53,26.77,-0.0,23.610000000000003,-0.0,22.889999999999997
2020-09-29,0.0,28.53,27.63,0.0,23.610000000000003,0.0,22.889999999999997
2020-09-30,0.4,28.93,27.84,0.4,24.01,0.0,22.889999999999997
2020-10-09,-0.32,28.61,29.33,-0.32,23.69,-0.0,22.889999999999997
2020-10-12,0.0,28.61,30.97,0.0,23.69,0.0,22.889999999999997
2020-10-13,0.0,28.61,31.48,0.0,23.69,0.0,22.889999999999997
2020-10-14,0.0,28.61,31.36,0.0,23.69,0.0,22.889999999999997
2020-10-15,0.0,28.61,31.28,0.0,23.69,0.0,22.889999999999997
2020-10-16,0.18,28.79,31.17,0.0,23.69,0.18,23.069999999999997
2020-10-19,0.0,28.79,31.45,0.0,23.69,0.0,23.069999999999997
2020-10-20,-0.09,28.7,32.84,-0.09,23.6,-0.09,22.979999999999997
2020-10-21,-0.04,28.66,33.01,-0.04,23.560000000000002,-0.04,22.939999999999998
2020-10-22,0.8,29.46,35.23,0.8,24.360000000000003,0.8,23.74
2020-10-23,0.8,30.26,33.24,0.8,25.160000000000004,0.8,24.54
2020-10-26,1.58,31.84,35.61,1.58,26.740000000000002,1.58,26.119999999999997
2020-10-27,0.49,32.33,36.34,0.49,27.23,0.49,26.609999999999996
2020-10-28,0.4,32.73,35.64,0.4,27.63,0.4,27.009999999999994
2020-10-29,2.0,34.73,35.62,2.0,29.63,2.0,29.009999999999994
2020-10-30,-1.2,33.53,33.86,-0.0,29.63,-1.2,27.809999999999995
2020-11-02,-1.2,32.33,32.32,-0.0,29.63,-1.2,26.609999999999996
2020-11-03,-0.59,31.74,32.08,-0.0,29.63,-0.0,26.609999999999996
2020-11-04,-0.14,31.6,32.41,-0.0,29.63,-0.0,26.609999999999996
2020-11-05,0.0,31.6,33.37,0.0,29.63,0.0,26.609999999999996
2020-11-06,0.0,31.6,32.63,0.0,29.63,0.0,26.609999999999996
2020-11-09,0.92,32.52,33.83,0.92,30.55,0.92,27.529999999999998
2020-11-10,0.0,32.52,33.36,0.0,30.55,0.0,27.529999999999998
2020-11-11,0.07,32.59,32.83,0.0,30.55,0.0,27.529999999999998
2020-11-12,-0.5,32.09,33.48,-0.5,30.05,-0.0,27.529999999999998
2020-11-13,0.42,32.51,34.43,0.42,30.470000000000002,0.42,27.95
2020-11-16,0.4,32.91,34.15,0.4,30.87,0.4,28.349999999999998
2020-11-17,-0.2,32.71,33.19,-0.0,30.87,-0.0,28.349999999999998
2020-11-18,1.49,34.2,33.07,0.0,30.87,0.0,28.349999999999998
2020-11-19,0.4,34.6,32.79,0.0,30.87,0.0,28.349999999999998
2020-11-20,-0.04,34.56,33.0,-0.0,30.87,-0.0,28.349999999999998
2020-11-23,0.4,34.96,33.46,0.4,31.27,0.0,28.349999999999998
2020-11-24,0.25,35.21,33.86,0.25,31.52,0.25,28.599999999999998
2020-11-25,0.0,35.21,33.55,0.0,31.52,0.0,28.599999999999998
2020-11-26,0.0,35.21,33.22,0.0,31.52,0.0,28.599999999999998
2020-11-27,-0.69,34.52,32.89,-0.0,31.52,-0.0,28.599999999999998
2020-11-30,0.34,34.86,32.9,0.0,31.52,0.0,28.599999999999998
2020-12-01,0.4,35.26,33.41,0.4,31.919999999999998,0.4,28.999999999999996
2020-12-02,0.0,35.26,33.38,0.0,31.919999999999998,0.0,28.999999999999996
2020-12-03,0.0,35.26,32.97,0.0,31.919999999999998,0.0,28.999999999999996
2020-12-04,0.4,35.66,33.19,0.4,32.32,0.0,28.999999999999996
2020-12-07,-0.08,35.58,33.25,-0.08,32.24,-0.0,28.999999999999996
2020-12-08,-0.42,35.16,33.12,-0.0,32.24,-0.0,28.999999999999996
2020-12-09,0.4,35.56,32.82,0.0,32.24,0.0,28.999999999999996
2020-12-10,-0.08,35.48,32.94,-0.0,32.24,-0.0,28.999999999999996
2020-12-11,0.0,35.48,31.66,0.0,32.24,0.0,28.999999999999996
2020-12-14,-0.8,34.68,31.61,-0.0,32.24,-0.0,28.999999999999996
2020-12-15,0.0,34.68,30.84,0.0,32.24,0.0,28.999999999999996
2020-12-16,-0.4,34.28,30.17,-0.0,32.24,-0.0,28.999999999999996
2020-12-17,0.04,34.32,30.71,0.0,32.24,0.0,28.999999999999996
2020-12-18,0.0,34.32,30.95,0.0,32.24,0.0,28.999999999999996
2020-12-21,-0.19,34.13,31.83,-0.19,32.050000000000004,-0.0,28.999999999999996
2020-12-22,-0.4,33.73,31.59,-0.4,31.650000000000006,-0.0,28.999999999999996
2020-12-23,0.4,34.13,31.47,0.4,32.050000000000004,0.0,28.999999999999996
2020-12-24,-1.77,32.36,29.95,-0.0,32.050000000000004,-0.0,28.999999999999996
2020-12-25,0.35,32.71,30.53,0.0,32.050000000000004,0.0,28.999999999999996
2020-12-28,0.0,32.71,30.02,0.0,32.050000000000004,0.0,28.999999999999996
2020-12-29,-0.58,32.13,29.97,-0.0,32.050000000000004,-0.0,28.999999999999996
2020-12-30,0.4,32.53,30.93,0.4,32.45,0.0,28.999999999999996
2020-12-31,-0.39,32.14,31.94,-0.39,32.06,-0.39,28.609999999999996
2021-01-04,0.0,32.14,33.51,0.0,32.06,0.0,28.609999999999996
2021-01-05,0.0,32.14,34.22,0.0,32.06,0.0,28.609999999999996
2021-01-06,0.0,32.14,33.87,0.0,32.06,0.0,28.609999999999996
2021-01-07,-0.55,31.59,32.95,-0.0,32.06,-0.55,28.059999999999995
2021-01-08,-0.4,31.19,32.43,-0.0,32.06,-0.4,27.659999999999997
2021-01-11,-0.4,30.79,31.81,-0.0,32.06,-0.4,27.259999999999998
2021-01-12,0.4,31.19,32.21,0.0,32.06,0.4,27.659999999999997
2021-01-13,0.0,31.19,31.16,0.0,32.06,0.0,27.659999999999997
2021-01-14,0.05,31.24,31.46,0.0,32.06,0.0,27.659999999999997
2021-01-15,0.0,31.24,31.98,0.0,32.06,0.0,27.659999999999997
2021-01-18,0.0,31.24,32.89,0.0,32.06,0.0,27.659999999999997
2021-01-19,-0.4,30.84,32.88,-0.4,31.660000000000004,-0.4,27.259999999999998
2021-01-20,0.14,30.98,33.06,0.14,31.800000000000004,0.14,27.4
2021-01-21,-0.4,30.58,33.53,-0.4,31.400000000000006,-0.4,27.0
2021-01-22,-0.4,30.18,33.26,-0.4,31.000000000000007,-0.4,26.6
2021-01-25,0.0,30.18,32.88,0.0,31.000000000000007,0.0,26.6
2021-01-26,0.02,30.2,31.97,0.0,31.000000000000007,0.0,26.6
2021-01-27,-0.45,29.75,30.83,-0.0,31.000000000000007,-0.0,26.6
2021-01-28,-0.4,29.35,29.57,-0.0,31.000000000000007,-0.0,26.6
2021-01-29,0.0,29.35,27.43,0.0,31.000000000000007,0.0,26.6
2021-02-01,0.4,29.75,27.64,0.0,31.000000000000007,0.0,26.6
2021-02-02,0.0,29.75,27.9,0.0,31.000000000000007,0.0,26.6
2021-02-03,-0.07,29.68,27.15,-0.0,31.000000000000007,-0.0,26.6
2021-02-04,-0.4,29.28,25.37,-0.0,31.000000000000007,-0.0,26.6
2021-02-05,-0.02,29.26,23.76,-0.0,31.000000000000007,-0.0,26.6
2021-02-08,1.37,30.63,23.85,0.0,31.000000000000007,0.0,26.6
2021-02-09,0.11,30.74,25.71,0.11,31.110000000000007,0.0,26.6
2021-02-10,0.0,30.74,26.47,0.0,31.110000000000007,0.0,26.6
2021-02-18,0.8,31.54,27.84,0.8,31.910000000000007,0.0,26.6
2021-02-19,0.96,32.5,29.35,0.96,32.870000000000005,0.96,27.560000000000002
2021-02-22,0.0,32.5,30.57,0.0,32.870000000000005,0.0,27.560000000000002
2021-02-23,0.35,32.85,29.87,0.35,33.220000000000006,0.35,27.910000000000004
2021-02-24,-0.91,31.94,29.1,-0.0,33.220000000000006,-0.91,27.000000000000004
2021-02-25,-0.33,31.61,28.47,-0.0,33.220000000000006,-0.0,27.000000000000004
2021-02-26,-0.4,31.21,28.22,-0.0,33.220000000000006,-0.0,27.000000000000004
2021-03-01,0.8,32.01,29.44,0.8,34.02,0.8,27.800000000000004
2021-03-02,0.0,32.01,29.41,0.0,34.02,0.0,27.800000000000004
2021-03-03,0.0,32.01,30.37,0.0,34.02,0.0,27.800000000000004
2021-03-04,0.0,32.01,29.66,0.0,34.02,0.0,27.800000000000004
2021-03-05,0.4,32.41,29.99,0.4,34.42,0.4,28.200000000000003
2021-03-08,0.4,32.81,29.47,0.0,34.42,0.4,28.6
2021-03-09,-1.22,31.59,28.99,-0.0,34.42,-1.22,27.380000000000003
2021-03-10,0.4,31.99,29.95,0.4,34.82,0.4,27.78
2021-03-11,0.66,32.65,30.75,0.66,35.48,0.66,28.44
2021-03-12,0.0,32.65,31.06,0.0,35.48,0.0,28.44
2021-03-15,-0.3,32.35,31.3,-0.3,35.18,-0.3,28.14
2021-03-16,0.0,32.35,31.6,0.0,35.18,0.0,28.14
2021-03-17,0.52,32.87,31.86,0.52,35.7,0.52,28.66
2021-03-18,0.4,33.27,31.81,0.4,36.1,0.4,29.06
2021-03-19,-0.2,33.07,31.58,-0.0,36.1,-0.2,28.86
2021-03-22,0.4,33.47,32.48,0.4,36.5,0.4,29.259999999999998
2021-03-23,0.0,33.47,31.93,0.0,36.5,0.0,29.259999999999998
2021-03-24,0.8,34.27,30.89,0.0,36.5,0.8,30.06
2021-03-25,0.0,34.27,30.58,0.0,36.5,0.0,30.06
2021-03-26,1.2,35.47,31.29,0.0,36.5,1.2,31.259999999999998
2021-03-29,-0.4,35.07,31.63,-0.4,36.1,-0.4,30.86
2021-03-30,0.17,35.24,31.34,0.17,36.27,0.17,31.03
2021-03-31,0.0,35.24,31.14,0.0,36.27,0.0,31.03
2021-04-01,0.4,35.64,31.27,0.0,36.27,0.4,31.43
2021-04-02,0.12,35.76,31.38,0.12,36.39,0.12,31.55
2021-04-06,0.41,36.17,31.74,0.41,36.8,0.41,31.96
2021-04-07,0.0,36.17,31.82,0.0,36.8,0.0,31.96
2021-04-08,0.05,36.22,31.96,0.05,36.849999999999994,0.05,32.01
2021-04-09,0.38,36.6,31.98,0.38,37.23,0.38,32.39
2021-04-12,-0.7,35.9,31.19,-0.0,37.23,-0.0,32.39
2021-04-13,0.0,35.9,31.08,0.0,37.23,0.0,32.39
2021-04-14,0.68,36.58,31.51,0.0,37.23,0.68,33.07
2021-04-15,-0.25,36.33,31.21,-0.0,37.23,-0.0,33.07
2021-04-16,0.4,36.73,31.75,0.4,37.629999999999995,0.4,33.47
2021-04-19,0.0,36.73,33.08,0.0,37.629999999999995,0.0,33.47
2021-04-20,0.0,36.73,33.33,0.0,37.629999999999995,0.0,33.47
2021-04-21,-0.4,36.33,33.15,-0.4,37.23,-0.4,33.07
2021-04-22,0.06,36.39,33.3,0.06,37.29,0.06,33.13
2021-04-23,-0.4,35.99,33.12,-0.0,37.29,-0.4,32.730000000000004
2021-04-26,0.14,36.13,33.05,0.0,37.29,0.14,32.870000000000005
2021-04-27,-0.4,35.73,32.84,-0.0,37.29,-0.4,32.470000000000006
2021-04-28,-0.21,35.52,33.1,-0.21,37.08,-0.21,32.260000000000005
2021-04-29,0.0,35.52,33.23,0.0,37.08,0.0,32.260000000000005
2021-04-30,0.0,35.52,33.11,0.0,37.08,0.0,32.260000000000005
2021-05-06,-0.11,35.41,33.76,-0.11,36.97,-0.11,32.150000000000006
2021-05-07,0.0,35.41,33.83,0.0,36.97,0.0,32.150000000000006
2021-05-10,0.0,35.41,35.33,0.0,36.97,0.0,32.150000000000006
2021-05-11,0.0,35.41,35.93,0.0,36.97,0.0,32.150000000000006
2021-05-12,0.0,35.41,36.11,0.0,36.97,0.0,32.150000000000006
2021-05-13,-0.08,35.33,35.78,-0.08,36.89,-0.08,32.07000000000001
2021-05-14,0.37,35.7,36.16,0.37,37.26,0.37,32.440000000000005
2021-05-17,0.0,35.7,35.84,0.0,37.26,0.0,32.440000000000005
2021-05-18,0.03,35.73,36.32,0.03,37.29,0.03,32.470000000000006
2021-05-19,0.0,35.73,36.49,0.0,37.29,0.0,32.470000000000006
2021-05-20,0.0,35.73,36.2,0.0,37.29,0.0,32.470000000000006
2021-05-21,0.24,35.97,36.46,0.24,37.53,0.24,32.71000000000001
2021-05-24,0.0,35.97,36.9,0.0,37.53,0.0,32.71000000000001
2021-05-25,0.31,36.28,37.23,0.31,37.84,0.31,33.02000000000001
2021-05-26,0.0,36.28,37.7,0.0,37.84,0.0,33.02000000000001
2021-05-27,0.0,36.28,38.2,0.0,37.84,0.0,33.02000000000001
2021-05-28,0.0,36.28,38.08,0.0,37.84,0.0,33.02000000000001
2021-05-31,-0.09,36.19,38.64,-0.09,37.75,-0.09,32.93000000000001
2021-06-01,-0.4,35.79,38.81,-0.4,37.35,-0.4,32.53000000000001
2021-06-02,0.0,35.79,38.49,0.0,37.35,0.0,32.53000000000001
2021-06-03,-0.39,35.4,38.57,-0.39,36.96,-0.39,32.14000000000001
2021-06-04,0.0,35.4,38.61,0.0,36.96,0.0,32.14000000000001
2021-06-07,0.4,35.8,38.7,0.4,37.36,0.4,32.540000000000006
2021-06-08,0.4,36.2,38.55,0.0,37.36,0.4,32.940000000000005
2021-06-09,0.0,36.2,38.54,0.0,37.36,0.0,32.940000000000005
2021-06-10,0.0,36.2,39.03,0.0,37.36,0.0,32.940000000000005
2021-06-11,0.0,36.2,38.97,0.0,37.36,0.0,32.940000000000005
2021-06-15,0.0,36.2,38.25,0.0,37.36,0.0,32.940000000000005
2021-06-16,0.0,36.2,37.1,0.0,37.36,0.0,32.940000000000005
2021-06-17,0.0,36.2,37.02,0.0,37.36,0.0,32.940000000000005
2021-06-18,0.0,36.2,37.46,0.0,37.36,0.0,32.940000000000005
2021-06-21,0.0,36.2,38.27,0.0,37.36,0.0,32.940000000000005
2021-06-22,0.0,36.2,39.01,0.0,37.36,0.0,32.940000000000005
2021-06-23,0.0,36.2,39.71,0.0,37.36,0.0,32.940000000000005
2021-06-24,0.0,36.2,39.87,0.0,37.36,0.0,32.940000000000005
2021-06-25,0.0,36.2,40.12,0.0,37.36,0.0,32.940000000000005
2021-06-28,0.8,37.0,40.64,0.8,38.16,0.8,33.74
2021-06-29,0.0,37.0,40.19,0.0,38.16,0.0,33.74
2021-06-30,0.0,37.0,40.31,0.0,38.16,0.0,33.74
2021-07-01,0.0,37.0,39.89,0.0,38.16,0.0,33.74
2021-07-02,0.6,37.6,39.54,0.0,38.16,0.6,34.34
2021-07-05,0.0,37.6,40.15,0.0,38.16,0.0,34.34
2021-07-06,0.0,37.6,40.22,0.0,38.16,0.0,34.34
2021-07-07,0.0,37.6,41.29,0.0,38.16,0.0,34.34
2021-07-08,0.0,37.6,41.67,0.0,38.16,0.0,34.34
2021-07-09,0.0,37.6,42.28,0.0,38.16,0.0,34.34
2021-07-12,0.0,37.6,43.56,0.0,38.16,0.0,34.34
2021-07-13,0.0,37.6,44.58,0.0,38.16,0.0,34.34
2021-07-14,0.0,37.6,44.62,0.0,38.16,0.0,34.34
2021-07-15,0.0,37.6,44.2,0.0,38.16,0.0,34.34
2021-07-16,0.0,37.6,44.33,0.0,38.16,0.0,34.34
2021-07-19,0.4,38.0,44.15,0.0,38.16,0.4,34.74
2021-07-20,0.0,38.0,44.19,0.0,38.16,0.0,34.74
2021-07-21,-0.09,37.91,45.6,-0.09,38.06999999999999,-0.09,34.65
2021-07-22,0.0,37.91,46.39,0.0,38.06999999999999,0.0,34.65
2021-07-23,0.0,37.91,46.29,0.0,38.06999999999999,0.0,34.65
2021-07-26,0.0,37.91,45.64,0.0,38.06999999999999,0.0,34.65
2021-07-27,-0.05,37.86,44.41,-0.0,38.06999999999999,-0.05,34.6
2021-07-28,-0.4,37.46,43.24,-0.0,38.06999999999999,-0.0,34.6
2021-07-29,0.11,37.57,45.3,0.11,38.17999999999999,0.11,34.71
2021-07-30,0.07,37.64,45.97,0.07,38.24999999999999,0.07,34.78
2021-08-02,0.0,37.64,47.34,0.0,38.24999999999999,0.0,34.78
2021-08-03,0.0,37.64,46.82,0.0,38.24999999999999,0.0,34.78
2021-08-04,0.0,37.64,48.17,0.0,38.24999999999999,0.0,34.78
2021-08-05,0.0,37.64,47.94,0.0,38.24999999999999,0.0,34.78
2021-08-06,0.02,37.66,48.33,0.02,38.269999999999996,0.02,34.800000000000004
2021-08-09,0.0,37.66,48.35,0.0,38.269999999999996,0.0,34.800000000000004
2021-08-10,-0.27,37.39,48.66,-0.27,37.99999999999999,-0.27,34.53
2021-08-11,0.0,37.39,49.34,0.0,37.99999999999999,0.0,34.53
2021-08-12,0.0,37.39,49.75,0.0,37.99999999999999,0.0,34.53
2021-08-13,0.4,37.79,49.97,0.4,38.39999999999999,0.4,34.93
2021-08-16,0.0,37.79,49.91,0.0,38.39999999999999,0.0,34.93
2021-08-17,0.0,37.79,48.37,0.0,38.39999999999999,0.0,34.93
2021-08-18,1.2,38.99,48.6,0.0,38.39999999999999,1.2,36.13
2021-08-19,0.0,38.99,48.69,0.0,38.39999999999999,0.0,36.13
2021-08-20,0.0,38.99,48.37,0.0,38.39999999999999,0.0,36.13
2021-08-23,0.4,39.39,49.9,0.4,38.79999999999999,0.4,36.53
2021-08-24,0.0,39.39,50.6,0.0,38.79999999999999,0.0,36.53
2021-08-25,0.4,39.79,51.35,0.4,39.19999999999999,0.4,36.93
2021-08-26,0.0,39.79,51.27,0.0,39.19999999999999,0.0,36.93
2021-08-27,0.0,39.79,51.47,0.0,39.19999999999999,0.0,36.93
2021-08-30,0.0,39.79,52.21,0.0,39.19999999999999,0.0,36.93
2021-08-31,0.0,39.79,52.12,0.0,39.19999999999999,0.0,36.93
2021-09-01,0.0,39.79,51.78,0.0,39.19999999999999,0.0,36.93
2021-09-02,0.8,40.59,53.26,0.8,39.999999999999986,0.8,37.73
2021-09-03,0.01,40.6,53.22,0.01,40.009999999999984,0.01,37.739999999999995
2021-09-06,1.2,41.8,53.93,1.2,41.20999999999999,1.2,38.94
2021-09-07,0.0,41.8,55.1,0.0,41.20999999999999,0.0,38.94
2021-09-08,0.0,41.8,55.52,0.0,41.20999999999999,0.0,38.94
2021-09-09,0.0,41.8,55.42,0.0,41.20999999999999,0.0,38.94
2021-09-10,0.0,41.8,55.12,0.0,41.20999999999999,0.0,38.94
2021-09-13,1.11,42.91,55.54,1.11,42.319999999999986,1.11,40.05
2021-09-14,0.0,42.91,54.93,0.0,42.319999999999986,0.0,40.05
2021-09-15,0.0,42.91,54.99,0.0,42.319999999999986,0.0,40.05
2021-09-16,0.0,42.91,53.01,0.0,42.319999999999986,0.0,40.05
2021-09-17,-0.03,42.88,52.48,-0.0,42.319999999999986,-0.0,40.05
2021-09-22,-0.13,42.75,52.9,-0.0,42.319999999999986,-0.0,40.05
2021-09-23,0.0,42.75,53.65,0.0,42.319999999999986,0.0,40.05
2021-09-24,0.0,42.75,52.93,0.0,42.319999999999986,0.0,40.05
2021-09-27,0.24,42.99,50.71,0.0,42.319999999999986,0.0,40.05
2021-09-28,0.4,43.39,51.05,0.0,42.319999999999986,0.0,40.05
2021-09-29,0.0,43.39,49.25,0.0,42.319999999999986,0.0,40.05
2021-09-30,0.26,43.65,50.82,0.0,42.319999999999986,0.0,40.05
2021-10-08,0.0,43.65,51.26,0.0,42.319999999999986,0.0,40.05
2021-10-11,0.0,43.65,51.1,0.0,42.319999999999986,0.0,40.05
2021-10-12,0.0,43.65,49.43,0.0,42.319999999999986,0.0,40.05
2021-10-13,-0.18,43.47,49.22,-0.0,42.319999999999986,-0.0,40.05
2021-10-14,0.0,43.47,49.86,0.0,42.319999999999986,0.0,40.05
2021-10-15,-0.05,43.42,50.12,-0.05,42.26999999999999,-0.0,40.05
2021-10-18,0.4,43.82,50.87,0.4,42.66999999999999,0.0,40.05
2021-10-19,0.4,44.22,51.69,0.4,43.069999999999986,0.0,40.05
2021-10-20,-0.04,44.18,51.96,-0.04,43.02999999999999,-0.04,40.01
2021-10-21,-0.4,43.78,51.92,-0.4,42.62999999999999,-0.4,39.61
2021-10-22,0.0,43.78,51.45,0.0,42.62999999999999,0.0,39.61
2021-10-25,0.0,43.78,52.21,0.0,42.62999999999999,0.0,39.61
2021-10-26,0.0,43.78,52.6,0.0,42.62999999999999,0.0,39.61
2021-10-27,0.0,43.78,52.23,0.0,42.62999999999999,0.0,39.61
2021-10-28,0.0,43.78,51.41,0.0,42.62999999999999,0.0,39.61
2021-10-29,0.0,43.78,51.97,0.0,42.62999999999999,0.0,39.61
2021-11-01,0.0,43.78,53.14,0.0,42.62999999999999,0.0,39.61
2021-11-02,0.0,43.78,52.74,0.0,42.62999999999999,0.0,39.61
2021-11-03,-0.39,43.39,53.01,-0.39,42.23999999999999,-0.39,39.22
2021-11-04,0.0,43.39,54.33,0.0,42.23999999999999,0.0,39.22
2021-11-05,0.0,43.39,53.82,0.0,42.23999999999999,0.0,39.22
2021-11-08,0.4,43.79,54.45,0.4,42.639999999999986,0.4,39.62
2021-11-09,0.0,43.79,55.35,0.0,42.639999999999986,0.0,39.62
2021-11-10,0.0,43.79,55.64,0.0,42.639999999999986,0.0,39.62
2021-11-11,0.0,43.79,56.65,0.0,42.639999999999986,0.0,39.62
2021-11-12,0.0,43.79,57.53,0.0,42.639999999999986,0.0,39.62
2021-11-15,0.0,43.79,58.05,0.0,42.639999999999986,0.0,39.62
2021-11-16,0.0,43.79,57.27,0.0,42.639999999999986,0.0,39.62
2021-11-17,0.24,44.03,57.99,0.24,42.87999999999999,0.24,39.86
2021-11-18,0.0,44.03,57.88,0.0,42.87999999999999,0.0,39.86
2021-11-19,0.13,44.16,58.99,0.13,43.00999999999999,0.13,39.99
2021-11-22,0.0,44.16,60.24,0.0,43.00999999999999,0.0,39.99
2021-11-23,0.0,44.16,60.32,0.0,43.00999999999999,0.0,39.99
2021-11-24,-0.01,44.15,60.48,-0.01,42.99999999999999,-0.01,39.980000000000004
2021-11-25,0.0,44.15,60.36,0.0,42.99999999999999,0.0,39.980000000000004
2021-11-26,-0.18,43.97,60.53,-0.18,42.81999999999999,-0.18,39.800000000000004
2021-11-29,0.0,43.97,61.19,0.0,42.81999999999999,0.0,39.800000000000004
2021-11-30,0.0,43.97,61.69,0.0,42.81999999999999,0.0,39.800000000000004
2021-12-01,0.42,44.39,62.34,0.42,43.239999999999995,0.42,40.220000000000006
2021-12-02,0.0,44.39,62.35,0.0,43.239999999999995,0.0,40.220000000000006
2021-12-03,0.0,44.39,62.72,0.0,43.239999999999995,0.0,40.220000000000006
2021-12-06,0.0,44.39,61.16,0.0,43.239999999999995,0.0,40.220000000000006
2021-12-07,0.0,44.39,58.66,0.0,43.239999999999995,0.0,40.220000000000006
2021-12-08,0.38,44.77,59.84,0.0,43.239999999999995,0.0,40.220000000000006
2021-12-09,0.0,44.77,60.51,0.0,43.239999999999995,0.0,40.220000000000006
2021-12-10,0.0,44.77,61.19,0.0,43.239999999999995,0.0,40.220000000000006
2021-12-13,0.0,44.77,61.59,0.0,43.239999999999995,0.0,40.220000000000006
2021-12-14,-0.24,44.53,61.18,-0.24,42.99999999999999,-0.24,39.980000000000004
2021-12-15,0.0,44.53,61.21,0.0,42.99999999999999,0.0,39.980000000000004
2021-12-16,0.0,44.53,61.62,0.0,42.99999999999999,0.0,39.980000000000004
2021-12-17,0.0,44.53,61.44,0.0,42.99999999999999,0.0,39.980000000000004
2021-12-20,-0.02,44.51,60.65,-0.0,42.99999999999999,-0.0,39.980000000000004
2021-12-21,0.19,44.7,61.43,0.19,43.18999999999999,0.19,40.17
2021-12-22,0.0,44.7,62.08,0.0,43.18999999999999,0.0,40.17
2021-12-23,0.0,44.7,62.7,0.0,43.18999999999999,0.0,40.17
2021-12-24,0.0,44.7,62.13,0.0,43.18999999999999,0.0,40.17
2021-12-27,-0.08,44.62,61.91,-0.0,43.18999999999999,-0.08,40.09
2021-12-28,0.4,45.02,62.02,0.0,43.18999999999999,0.4,40.49
2021-12-29,0.0,45.02,61.79,0.0,43.18999999999999,0.0,40.49
2021-12-30,0.0,45.02,62.21,0.0,43.18999999999999,0.0,40.49
2021-12-31,0.0,45.02,63.09,0.0,43.18999999999999,0.0,40.49
2022-01-04,0.0,45.02,63.87,0.0,43.18999999999999,0.0,40.49
2022-01-05,0.0,45.02,62.94,0.0,43.18999999999999,0.0,40.49
2022-01-06,0.4,45.42,63.5,0.4,43.58999999999999,0.4,40.89
2022-01-07,0.0,45.42,62.87,0.0,43.58999999999999,0.0,40.89
2022-01-10,0.4,45.82,63.36,0.4,43.98999999999999,0.4,41.29
2022-01-11,0.0,45.82,62.64,0.0,43.98999999999999,0.0,41.29
2022-01-12,0.07,45.89,63.59,0.07,44.05999999999999,0.07,41.36
2022-01-13,0.0,45.89,62.88,0.0,44.05999999999999,0.0,41.36
2022-01-14,0.4,46.29,62.04,0.0,44.05999999999999,0.0,41.36
2022-01-17,0.13,46.42,63.2,0.13,44.18999999999999,0.13,41.49
2022-01-18,0.4,46.82,63.11,0.4,44.58999999999999,0.4,41.89
2022-01-19,0.0,46.82,63.08,0.0,44.58999999999999,0.0,41.89
2022-01-20,0.0,46.82,62.41,0.0,44.58999999999999,0.0,41.89
2022-01-21,0.0,46.82,61.88,0.0,44.58999999999999,0.0,41.89
2022-01-24,0.0,46.82,62.27,0.0,44.58999999999999,0.0,41.89
2022-01-25,0.0,46.82,60.64,0.0,44.58999999999999,0.0,41.89
2022-01-26,0.0,46.82,61.06,0.0,44.58999999999999,0.0,41.89
2022-01-27,0.0,46.82,59.8,0.0,44.58999999999999,0.0,41.89
2022-01-28,-0.4,46.42,59.91,-0.0,44.58999999999999,-0.0,41.89
2022-02-07,0.0,46.42,61.03,0.0,44.58999999999999,0.0,41.89
2022-02-08,0.0,46.42,61.15,0.0,44.58999999999999,0.0,41.89
2022-02-09,0.0,46.42,62.49,0.0,44.58999999999999,0.0,41.89
2022-02-10,0.0,46.42,62.67,0.0,44.58999999999999,0.0,41.89
2022-02-11,0.0,46.42,61.6,0.0,44.58999999999999,0.0,41.89
2022-02-14,-0.4,46.02,58.5,-0.0,44.58999999999999,-0.0,41.89
2022-02-15,-1.16,44.86,56.92,-0.0,44.58999999999999,-0.0,41.89
2022-02-16,0.0,44.86,57.58,0.0,44.58999999999999,0.0,41.89
2022-02-17,0.0,44.86,57.76,0.0,44.58999999999999,0.0,41.89
2022-02-18,0.0,44.86,58.56,0.0,44.58999999999999,0.0,41.89
2022-02-21,0.0,44.86,59.74,0.0,44.58999999999999,0.0,41.89
2022-02-22,0.0,44.86,59.14,0.0,44.58999999999999,0.0,41.89
2022-02-23,0.27,45.13,60.89,0.27,44.85999999999999,0.27,42.160000000000004
2022-02-24,0.0,45.13,60.01,0.0,44.85999999999999,0.0,42.160000000000004
2022-02-25,1.2,46.33,60.97,1.2,46.059999999999995,1.2,43.36000000000001
2022-02-28,0.0,46.33,61.48,0.0,46.059999999999995,0.0,43.36000000000001
2022-03-01,0.23,46.56,61.82,0.23,46.28999999999999,0.23,43.59
2022-03-02,-0.4,46.16,61.65,-0.4,45.88999999999999,-0.4,43.190000000000005
2022-03-03,0.0,46.16,60.62,0.0,45.88999999999999,0.0,43.190000000000005
2022-03-04,-0.12,46.04,59.07,-0.0,45.88999999999999,-0.0,43.190000000000005
2022-03-07,0.39,46.43,56.67,0.0,45.88999999999999,0.0,43.190000000000005
2022-03-08,-0.8,45.63,54.04,-0.0,45.88999999999999,-0.0,43.190000000000005
2022-03-09,0.4,46.03,53.18,0.0,45.88999999999999,0.0,43.190000000000005
2022-03-10,0.05,46.08,55.18,0.0,45.88999999999999,0.0,43.190000000000005
2022-03-11,0.0,46.08,55.12,0.0,45.88999999999999,0.0,43.190000000000005
2022-03-14,0.0,46.08,54.38,0.0,45.88999999999999,0.0,43.190000000000005
2022-03-15,-0.55,45.53,52.44,-0.0,45.88999999999999,-0.0,43.190000000000005
2022-03-16,1.66,47.19,54.15,0.0,45.88999999999999,0.0,43.190000000000005
2022-03-17,0.0,47.19,55.76,0.0,45.88999999999999,0.0,43.190000000000005
2022-03-18,0.4,47.59,56.59,0.4,46.28999999999999,0.0,43.190000000000005
2022-03-21,0.0,47.59,57.09,0.0,46.28999999999999,0.0,43.190000000000005
2022-03-22,0.0,47.59,56.75,0.0,46.28999999999999,0.0,43.190000000000005
2022-03-23,0.0,47.59,56.54,0.0,46.28999999999999,0.0,43.190000000000005
2022-03-24,-1.07,46.52,55.19,-0.0,46.28999999999999,-0.0,43.190000000000005
2022-03-25,-1.68,44.84,54.16,-0.0,46.28999999999999,-0.0,43.190000000000005
2022-03-28,-0.4,44.44,53.47,-0.0,46.28999999999999,-0.0,43.190000000000005
2022-03-29,0.0,44.44,53.17,0.0,46.28999999999999,0.0,43.190000000000005
2022-03-30,0.0,44.44,54.63,0.0,46.28999999999999,0.0,43.190000000000005
2022-03-31,0.0,44.44,54.5,0.0,46.28999999999999,0.0,43.190000000000005
2022-04-01,-0.4,44.04,55.23,-0.4,45.88999999999999,-0.4,42.790000000000006
2022-04-06,0.0,44.04,55.51,0.0,45.88999999999999,0.0,42.790000000000006
2022-04-07,0.0,44.04,54.67,0.0,45.88999999999999,0.0,42.790000000000006
2022-04-08,-0.4,43.64,54.41,-0.0,45.88999999999999,-0.0,42.790000000000006
2022-04-11,0.55,44.19,52.9,0.0,45.88999999999999,0.0,42.790000000000006
2022-04-12,0.37,44.56,53.13,0.0,45.88999999999999,0.0,42.790000000000006
2022-04-13,0.0,44.56,52.46,0.0,45.88999999999999,0.0,42.790000000000006
2022-04-14,-0.07,44.49,53.06,-0.0,45.88999999999999,-0.0,42.790000000000006
2022-04-15,0.0,44.49,52.84,0.0,45.88999999999999,0.0,42.790000000000006
2022-04-18,-0.26,44.23,53.7,-0.26,45.629999999999995,-0.0,42.790000000000006
2022-04-19,0.92,45.15,54.61,0.92,46.55,0.92,43.71000000000001
2022-04-20,0.0,45.15,54.2,0.0,46.55,0.0,43.71000000000001
2022-04-21,-0.9,44.25,52.79,-0.0,46.55,-0.0,43.71000000000001
2022-04-22,0.26,44.51,51.9,0.0,46.55,0.0,43.71000000000001
2022-04-25,0.0,44.51,48.89,0.0,46.55,0.0,43.71000000000001
2022-04-26,0.48,44.99,48.29,0.0,46.55,0.0,43.71000000000001
2022-04-27,0.0,44.99,49.97,0.0,46.55,0.0,43.71000000000001
2022-04-28,0.0,44.99,49.94,0.0,46.55,0.0,43.71000000000001
2022-04-29,1.2,46.19,52.09,1.2,47.75,0.0,43.71000000000001
2022-05-05,0.0,46.19,53.32,0.0,47.75,0.0,43.71000000000001
2022-05-06,0.0,46.19,52.89,0.0,47.75,0.0,43.71000000000001
2022-05-09,0.73,46.92,53.64,0.73,48.48,0.73,44.440000000000005
2022-05-10,0.0,46.92,54.32,0.0,48.48,0.0,44.440000000000005
2022-05-11,0.0,46.92,55.47,0.0,48.48,0.0,44.440000000000005
2022-05-12,-0.07,46.85,55.68,-0.07,48.41,-0.07,44.370000000000005
2022-05-13,0.08,46.93,56.31,0.08,48.489999999999995,0.08,44.45
2022-05-16,0.0,46.93,56.98,0.0,48.489999999999995,0.0,44.45
2022-05-17,0.8,47.73,57.28,0.8,49.28999999999999,0.8,45.25
2022-05-18,0.32,48.05,57.54,0.32,49.60999999999999,0.32,45.57
2022-05-19,0.0,48.05,57.77,0.0,49.60999999999999,0.0,45.57
2022-05-20,0.4,48.45,58.18,0.4,50.00999999999999,0.4,45.97
2022-05-23,0.4,48.85,58.67,0.4,50.40999999999999,0.4,46.37
2022-05-24,0.0,48.85,56.61,0.0,50.40999999999999,0.0,46.37
2022-05-25,0.48,49.33,57.24,0.0,50.40999999999999,0.48,46.849999999999994
2022-05-26,-0.02,49.31,57.45,-0.0,50.40999999999999,-0.02,46.82999999999999
2022-05-27,-0.08,49.23,57.44,-0.0,50.40999999999999,-0.08,46.74999999999999
2022-05-30,-0.02,49.21,57.57,-0.02,50.389999999999986,-0.02,46.72999999999999
2022-05-31,0.0,49.21,57.8,0.0,50.389999999999986,0.0,46.72999999999999
2022-06-01,-0.05,49.16,58.19,-0.05,50.33999999999999,-0.05,46.67999999999999
2022-06-02,0.0,49.16,58.73,0.0,50.33999999999999,0.0,46.67999999999999
2022-06-06,0.0,49.16,59.9,0.0,50.33999999999999,0.0,46.67999999999999
2022-06-07,0.0,49.16,59.99,0.0,50.33999999999999,0.0,46.67999999999999
2022-06-08,0.18,49.34,60.2,0.18,50.51999999999999,0.18,46.85999999999999
2022-06-09,0.2,49.54,59.78,0.2,50.71999999999999,0.2,47.059999999999995
2022-06-10,0.09,49.63,60.62,0.09,50.809999999999995,0.09,47.15
2022-06-13,0.0,49.63,60.92,0.0,50.809999999999995,0.0,47.15
2022-06-14,0.0,49.63,60.65,0.0,50.809999999999995,0.0,47.15
2022-06-15,0.0,49.63,61.34,0.0,50.809999999999995,0.0,47.15
2022-06-16,0.4,50.03,62.07,0.4,51.209999999999994,0.4,47.55
2022-06-17,0.0,50.03,62.56,0.0,51.209999999999994,0.0,47.55
2022-06-20,0.0,50.03,61.44,0.0,51.209999999999994,0.0,47.55
2022-06-21,0.4,50.43,61.59,0.0,51.209999999999994,0.4,47.949999999999996
2022-06-22,-0.33,50.1,61.73,-0.0,51.209999999999994,-0.33,47.62
2022-06-23,0.0,50.1,62.51,0.0,51.209999999999994,0.0,47.62
2022-06-24,0.0,50.1,63.24,0.0,51.209999999999994,0.0,47.62
2022-06-27,0.0,50.1,64.24,0.0,51.209999999999994,0.0,47.62
2022-06-28,0.0,50.1,65.02,0.0,51.209999999999994,0.0,47.62
2022-06-29,0.4,50.5,63.69,0.0,51.209999999999994,0.4,48.019999999999996
2022-06-30,0.43,50.93,64.34,0.43,51.63999999999999,0.43,48.449999999999996
2022-07-01,0.04,50.97,64.32,0.0,51.63999999999999,0.04,48.489999999999995
2022-07-04,0.0,50.97,64.99,0.0,51.63999999999999,0.0,48.489999999999995
2022-07-05,0.0,50.97,64.74,0.0,51.63999999999999,0.0,48.489999999999995
2022-07-06,0.0,50.97,64.01,0.0,51.63999999999999,0.0,48.489999999999995
2022-07-07,0.46,51.43,64.61,0.46,52.099999999999994,0.46,48.949999999999996
2022-07-08,0.0,51.43,64.32,0.0,52.099999999999994,0.0,48.949999999999996
2022-07-11,0.0,51.43,63.4,0.0,52.099999999999994,0.0,48.949999999999996
2022-07-12,0.0,51.43,62.27,0.0,52.099999999999994,0.0,48.949999999999996
2022-07-13,0.22,51.65,62.94,0.0,52.099999999999994,0.0,48.949999999999996
2022-07-14,0.0,51.65,63.59,0.0,52.099999999999994,0.0,48.949999999999996
2022-07-15,-0.3,51.35,63.32,-0.3,51.8,-0.0,48.949999999999996
2022-07-18,0.0,51.35,64.5,0.0,51.8,0.0,48.949999999999996
2022-07-19,0.0,51.35,65.03,0.0,51.8,0.0,48.949999999999996
2022-07-20,0.0,51.35,65.73,0.0,51.8,0.0,48.949999999999996
2022-07-21,0.0,51.35,65.44,0.0,51.8,0.0,48.949999999999996
2022-07-22,0.32,51.67,65.11,0.0,51.8,0.32,49.269999999999996
2022-07-25,-0.35,51.32,64.68,-0.0,51.8,-0.35,48.919999999999995
2022-07-26,0.0,51.32,65.41,0.0,51.8,0.0,48.919999999999995
2022-07-27,0.4,51.72,66.27,0.4,52.199999999999996,0.4,49.31999999999999
2022-07-28,0.0,51.72,66.99,0.0,52.199999999999996,0.0,49.31999999999999
2022-07-29,0.0,51.72,66.89,0.0,52.199999999999996,0.0,49.31999999999999
2022-08-01,0.0,51.72,67.54,0.0,52.199999999999996,0.0,49.31999999999999
2022-08-02,0.0,51.72,66.2,0.0,52.199999999999996,0.0,49.31999999999999
2022-08-03,0.0,51.72,65.85,0.0,52.199999999999996,0.0,49.31999999999999
2022-08-04,0.0,51.72,66.11,0.0,52.199999999999996,0.0,49.31999999999999
2022-08-05,0.0,51.72,66.3,0.0,52.199999999999996,0.0,49.31999999999999
2022-08-08,0.4,52.12,67.27,0.4,52.599999999999994,0.4,49.71999999999999
2022-08-09,0.0,52.12,67.49,0.0,52.599999999999994,0.0,49.71999999999999
2022-08-10,-0.03,52.09,67.54,-0.03,52.56999999999999,-0.03,49.68999999999999
2022-08-11,0.0,52.09,68.07,0.0,52.56999999999999,0.0,49.68999999999999
2022-08-12,0.8,52.89,67.94,0.8,53.36999999999999,0.8,50.48999999999999
2022-08-15,-0.1,52.79,68.43,-0.1,53.26999999999999,-0.1,50.389999999999986
2022-08-16,0.0,52.79,68.94,0.0,53.26999999999999,0.0,50.389999999999986
2022-08-17,0.0,52.79,69.02,0.0,53.26999999999999,0.0,50.389999999999986
2022-08-18,-0.4,52.39,68.26,-0.0,53.26999999999999,-0.4,49.98999999999999
2022-08-19,0.0,52.39,66.82,0.0,53.26999999999999,0.0,49.98999999999999
2022-08-22,0.0,52.39,67.18,0.0,53.26999999999999,0.0,49.98999999999999
2022-08-23,0.0,52.39,67.43,0.0,53.26999999999999,0.0,49.98999999999999
2022-08-24,0.0,52.39,65.2,0.0,53.26999999999999,0.0,49.98999999999999
2022-08-25,0.0,52.39,63.98,0.0,53.26999999999999,0.0,49.98999999999999
2022-08-26,0.0,52.39,63.81,0.0,53.26999999999999,0.0,49.98999999999999
2022-08-29,0.0,52.39,63.63,0.0,53.26999999999999,0.0,49.98999999999999
2022-08-30,0.0,52.39,63.38,0.0,53.26999999999999,0.0,49.98999999999999
2022-08-31,0.0,52.39,61.43,0.0,53.26999999999999,0.0,49.98999999999999
2022-09-01,0.0,52.39,61.15,0.0,53.26999999999999,0.0,49.98999999999999
2022-09-02,0.4,52.79,62.02,0.0,53.26999999999999,0.0,49.98999999999999
2022-09-05,0.0,52.79,62.7,0.0,53.26999999999999,0.0,49.98999999999999
2022-09-06,0.0,52.79,63.88,0.0,53.26999999999999,0.0,49.98999999999999
2022-09-07,0.0,52.79,64.45,0.0,53.26999999999999,0.0,49.98999999999999
2022-09-08,0.0,52.79,63.72,0.0,53.26999999999999,0.0,49.98999999999999
2022-09-09,0.0,52.79,63.51,0.0,53.26999999999999,0.0,49.98999999999999
2022-09-13,0.02,52.81,63.7,0.0,53.26999999999999,0.0,49.98999999999999
2022-09-14,0.0,52.81,63.21,0.0,53.26999999999999,0.0,49.98999999999999
2022-09-15,0.0,52.81,61.8,0.0,53.26999999999999,0.0,49.98999999999999
2022-09-16,0.0,52.81,60.63,0.0,53.26999999999999,0.0,49.98999999999999
2022-09-19,0.0,52.81,60.18,0.0,53.26999999999999,0.0,49.98999999999999
2022-09-20,0.0,52.81,60.94,0.0,53.26999999999999,0.0,49.98999999999999
