交易日,当日收益率,累计收益率,无限制收益率,指数累计,控仓收益_5,控仓累计_5,仓位控制_20,控仓收益_20,控仓累计_20,控仓收益_30,控仓累计_30,控仓收益_60,控仓累计_60
2020-10-23,0.0,0.0,0.0,2.22,0.0,0.0,0,0.0,0.0,0.0,0.0,0.0,0.0
2020-10-26,0.0,0.0,0.0,0.2300000000000002,0.0,0.0,0,0.0,0.0,0.0,0.0,0.0,0.0
2020-10-27,0.0,0.0,0.0,2.6000000000000005,0.0,0.0,0,0.0,0.0,0.0,0.0,0.0,0.0
2020-10-28,0.0,0.0,0.0,3.3300000000000005,0.0,0.0,0,0.0,0.0,0.0,0.0,0.0,0.0
2020-10-29,0.0,0.0,0.0,2.630000000000001,0.0,0.0,0,0.0,0.0,0.0,0.0,0.0,0.0
2020-10-30,0.0,0.0,0.0,2.6100000000000008,0.0,0.0,0,0.0,0.0,0.0,0.0,0.0,0.0
2020-11-02,0.78,0.78,0.78,0.8500000000000008,0.78,0.78,1,0.78,0.78,0.78,0.78,0.78,0.78
2020-11-03,0.3,1.08,0.3,-0.6899999999999993,0.3,1.08,1,0.3,1.08,0.3,1.08,0.3,1.08
2020-11-04,0.06,1.14,0.1,-0.9299999999999993,0.0,1.08,1,0.06,1.1400000000000001,0.06,1.1400000000000001,0.06,1.1400000000000001
2020-11-05,0.3,1.44,0.3,-0.5999999999999992,0.0,1.08,1,0.3,1.4400000000000002,0.3,1.4400000000000002,0.3,1.4400000000000002
2020-11-06,0.0,1.44,0.0,0.36000000000000076,0.0,1.08,0,0.0,1.4400000000000002,0.0,1.4400000000000002,0.0,1.4400000000000002
2020-11-09,0.84,2.28,1.4,-0.3799999999999992,0.0,1.08,0,0.0,1.4400000000000002,0.84,2.2800000000000002,0.84,2.2800000000000002
2020-11-10,-0.32,1.96,-0.32,0.8200000000000007,-0.32,0.76,0,-0.0,1.4400000000000002,-0.32,1.9600000000000002,-0.32,1.9600000000000002
2020-11-11,-0.35,1.61,-0.59,0.35000000000000075,-0.0,0.76,0,-0.0,1.4400000000000002,-0.35,1.6100000000000003,-0.35,1.6100000000000003
2020-11-12,0.8,2.41,0.8,-0.17999999999999927,0.0,0.76,1,0.8,2.24,0.8,2.41,0.8,2.41
2020-11-13,0.3,2.71,0.3,0.47000000000000075,0.0,0.76,0,0.0,2.24,0.3,2.71,0.3,2.71
2020-11-16,-0.2,2.51,-0.25,1.4200000000000008,-0.2,0.56,0,-0.0,2.24,-0.2,2.51,-0.2,2.51
2020-11-17,-0.44,2.07,-0.44,1.1400000000000008,-0.44,0.12000000000000005,0,-0.0,2.24,-0.44,2.07,-0.44,2.07
2020-11-18,1.5,3.57,1.5,0.18000000000000083,0.0,0.12000000000000005,1,1.5,3.74,1.5,3.57,1.5,3.57
2020-11-19,-0.12,3.45,-0.12,0.06000000000000083,-0.0,0.12000000000000005,1,-0.12,3.62,-0.12,3.4499999999999997,-0.12,3.4499999999999997
2020-11-20,0.64,4.09,0.64,-0.2199999999999992,0.0,0.12000000000000005,1,0.64,4.26,0.0,3.4499999999999997,0.64,4.09
2020-11-23,0.3,4.39,0.3,-0.009999999999999204,0.0,0.12000000000000005,1,0.3,4.56,0.0,3.4499999999999997,0.3,4.39
2020-11-24,0.75,5.14,0.94,0.45000000000000084,0.0,0.12000000000000005,0,0.0,4.56,0.75,4.199999999999999,0.75,5.14
2020-11-25,0.0,5.14,0.0,0.8500000000000009,0.0,0.12000000000000005,0,0.0,4.56,0.0,4.199999999999999,0.0,5.14
2020-11-26,0.06,5.2,0.06,0.5400000000000009,0.06,0.18000000000000005,0,0.0,4.56,0.06,4.259999999999999,0.06,5.199999999999999
2020-11-27,-0.11,5.09,-0.14,0.2100000000000009,-0.0,0.18000000000000005,1,-0.11,4.449999999999999,-0.0,4.259999999999999,-0.11,5.089999999999999
2020-11-30,0.42,5.51,0.42,-0.11999999999999911,0.0,0.18000000000000005,1,0.42,4.869999999999999,0.0,4.259999999999999,0.42,5.509999999999999
2020-12-01,0.4,5.91,0.5,-0.10999999999999911,0.0,0.18000000000000005,1,0.4,5.27,0.0,4.259999999999999,0.4,5.909999999999999
2020-12-02,0.0,5.91,0.0,0.4000000000000009,0.0,0.18000000000000005,0,0.0,5.27,0.0,4.259999999999999,0.0,5.909999999999999
2020-12-03,0.18,6.09,0.3,0.3700000000000009,0.18,0.36000000000000004,0,0.0,5.27,0.0,4.259999999999999,0.18,6.089999999999999
2020-12-04,0.18,6.27,0.3,-0.03999999999999909,0.0,0.36000000000000004,1,0.18,5.449999999999999,0.0,4.259999999999999,0.18,6.269999999999999
2020-12-07,-0.08,6.19,-0.08,0.1800000000000009,-0.0,0.36000000000000004,0,-0.0,5.449999999999999,-0.0,4.259999999999999,-0.08,6.189999999999999
2020-12-08,0.07,6.26,0.09,0.2400000000000009,0.0,0.36000000000000004,0,0.0,5.449999999999999,0.0,4.259999999999999,0.07,6.259999999999999
2020-12-09,0.9,7.16,1.5,0.1100000000000009,0.0,0.36000000000000004,1,0.9,6.35,0.0,4.259999999999999,0.9,7.159999999999999
2020-12-10,0.41,7.57,0.68,-0.1899999999999991,0.0,0.36000000000000004,1,0.41,6.76,0.0,4.259999999999999,0.41,7.569999999999999
2020-12-11,-0.12,7.45,-0.12,-0.06999999999999909,-0.0,0.36000000000000004,1,-0.12,6.64,-0.0,4.259999999999999,-0.12,7.449999999999999
2020-12-14,0.06,7.51,0.06,-1.3499999999999992,0.0,0.36000000000000004,1,0.06,6.699999999999999,0.0,4.259999999999999,0.0,7.449999999999999
2020-12-15,0.06,7.57,0.06,-1.3999999999999992,0.0,0.36000000000000004,1,0.06,6.759999999999999,0.0,4.259999999999999,0.0,7.449999999999999
2020-12-16,-0.91,6.66,-1.52,-2.169999999999999,-0.0,0.36000000000000004,1,-0.91,5.849999999999999,-0.0,4.259999999999999,-0.0,7.449999999999999
2020-12-17,0.04,6.7,0.04,-2.839999999999999,0.0,0.36000000000000004,1,0.04,5.889999999999999,0.0,4.259999999999999,0.0,7.449999999999999
2020-12-18,0.0,6.7,0.0,-2.299999999999999,0.0,0.36000000000000004,1,0.0,5.889999999999999,0.0,4.259999999999999,0.0,7.449999999999999
2020-12-21,-0.19,6.51,-0.19,-2.0599999999999987,-0.0,0.36000000000000004,0,-0.0,5.889999999999999,-0.0,4.259999999999999,-0.0,7.449999999999999
2020-12-22,-0.12,6.39,-0.12,-1.1799999999999988,-0.0,0.36000000000000004,0,-0.0,5.889999999999999,-0.0,4.259999999999999,-0.0,7.449999999999999
2020-12-23,0.3,6.69,0.3,-1.4199999999999988,0.0,0.36000000000000004,0,0.0,5.889999999999999,0.0,4.259999999999999,0.0,7.449999999999999
2020-12-24,-1.83,4.86,-1.83,-1.5399999999999987,-0.0,0.36000000000000004,0,-0.0,5.889999999999999,-0.0,4.259999999999999,-0.0,7.449999999999999
2020-12-25,1.2,6.06,1.5,-3.0599999999999987,0.0,0.36000000000000004,1,1.2,7.089999999999999,0.0,4.259999999999999,0.0,7.449999999999999
2020-12-28,-0.55,5.51,-0.55,-2.4799999999999986,-0.0,0.36000000000000004,1,-0.55,6.539999999999999,-0.0,4.259999999999999,-0.0,7.449999999999999
2020-12-29,0.37,5.88,0.37,-2.9899999999999984,0.0,0.36000000000000004,1,0.37,6.909999999999999,0.0,4.259999999999999,0.0,7.449999999999999
2020-12-30,1.5,7.38,1.5,-3.0399999999999983,0.0,0.36000000000000004,1,1.5,8.41,0.0,4.259999999999999,0.0,7.449999999999999
2020-12-31,-0.39,6.99,-0.39,-2.0799999999999983,-0.0,0.36000000000000004,0,-0.0,8.41,-0.0,4.259999999999999,-0.0,7.449999999999999
2021-01-04,0.0,6.99,0.0,-1.0699999999999983,0.0,0.36000000000000004,0,0.0,8.41,0.0,4.259999999999999,0.0,7.449999999999999
2021-01-05,0.0,6.99,0.0,0.5000000000000018,0.0,0.36000000000000004,0,0.0,8.41,0.0,4.259999999999999,0.0,7.449999999999999
2021-01-06,-0.37,6.62,-0.37,1.2100000000000017,-0.37,-0.009999999999999953,0,-0.0,8.41,-0.37,3.889999999999999,-0.37,7.079999999999999
2021-01-07,-0.66,5.96,-0.66,0.8600000000000018,-0.66,-0.6699999999999999,0,-0.0,8.41,-0.66,3.2299999999999986,-0.66,6.419999999999999
2021-01-08,0.06,6.02,0.06,-0.05999999999999828,0.06,-0.6099999999999999,1,0.06,8.47,0.06,3.2899999999999987,0.06,6.479999999999999
2021-01-11,-1.34,4.68,-1.34,-0.5799999999999983,-1.34,-1.95,1,-1.34,7.130000000000001,-1.34,1.9499999999999986,-0.0,6.479999999999999
2021-01-12,0.35,5.03,0.35,-1.1999999999999984,0.35,-1.6,1,0.35,7.48,0.0,1.9499999999999986,0.0,6.479999999999999
2021-01-13,-0.42,4.61,-0.42,-0.7999999999999984,-0.42,-2.02,1,-0.42,7.0600000000000005,-0.42,1.5299999999999987,-0.0,6.479999999999999
2021-01-14,-0.19,4.42,-0.19,-1.8499999999999983,-0.0,-2.02,1,-0.19,6.87,-0.0,1.5299999999999987,-0.0,6.479999999999999
2021-01-15,-0.22,4.2,-0.22,-1.5499999999999983,-0.0,-2.02,1,-0.22,6.65,-0.0,1.5299999999999987,-0.0,6.479999999999999
2021-01-18,0.19,4.39,0.19,-1.0299999999999983,0.19,-1.83,0,0.0,6.65,0.19,1.7199999999999986,0.0,6.479999999999999
2021-01-19,-0.39,4.0,-0.39,-0.11999999999999822,-0.39,-2.22,0,-0.0,6.65,-0.39,1.3299999999999987,-0.39,6.089999999999999
2021-01-20,0.24,4.24,0.24,-0.12999999999999823,0.24,-1.9800000000000002,0,0.0,6.65,0.24,1.5699999999999987,0.24,6.329999999999999
2021-01-21,0.02,4.26,0.03,0.050000000000001765,0.02,-1.9600000000000002,0,0.0,6.65,0.02,1.5899999999999987,0.02,6.349999999999999
2021-01-22,-0.07,4.19,-0.12,0.5200000000000018,-0.07,-2.0300000000000002,0,-0.0,6.65,-0.07,1.5199999999999987,-0.07,6.2799999999999985
2021-01-25,-1.03,3.16,-1.03,0.2500000000000018,-1.03,-3.0600000000000005,0,-0.0,6.65,-1.03,0.48999999999999866,-1.03,5.249999999999998
2021-01-26,-0.66,2.5,-0.66,-0.12999999999999823,-0.66,-3.7200000000000006,1,-0.66,5.99,-0.66,-0.17000000000000137,-0.66,4.589999999999998
2021-01-27,-0.01,2.49,-0.01,-1.0399999999999983,-0.0,-3.7200000000000006,1,-0.01,5.98,-0.01,-0.18000000000000138,-0.0,4.589999999999998
2021-01-28,-0.84,1.65,-0.84,-2.179999999999998,-0.0,-3.7200000000000006,1,-0.84,5.140000000000001,-0.0,-0.18000000000000138,-0.0,4.589999999999998
2021-01-29,0.6,2.25,0.6,-3.4399999999999977,0.0,-3.7200000000000006,1,0.6,5.74,0.0,-0.18000000000000138,0.0,4.589999999999998
2021-02-01,0.09,2.34,0.09,-5.579999999999998,0.0,-3.7200000000000006,1,0.09,5.83,0.0,-0.18000000000000138,0.0,4.589999999999998
2021-02-02,0.3,2.64,0.3,-5.369999999999998,0.0,-3.7200000000000006,1,0.3,6.13,0.0,-0.18000000000000138,0.0,4.589999999999998
2021-02-03,-0.19,2.45,-0.24,-5.1099999999999985,-0.0,-3.7200000000000006,1,-0.19,5.9399999999999995,-0.0,-0.18000000000000138,-0.0,4.589999999999998
2021-02-04,-0.42,2.03,-0.42,-5.8599999999999985,-0.0,-3.7200000000000006,1,-0.42,5.52,-0.0,-0.18000000000000138,-0.0,4.589999999999998
2021-02-05,0.78,2.81,0.78,-7.639999999999999,0.0,-3.7200000000000006,1,0.78,6.3,0.0,-0.18000000000000138,0.0,4.589999999999998
2021-02-08,1.1,3.91,1.1,-9.249999999999998,0.0,-3.7200000000000006,1,1.1,7.4,0.0,-0.18000000000000138,0.0,4.589999999999998
2021-02-09,0.41,4.32,0.41,-9.159999999999998,0.0,-3.7200000000000006,1,0.41,7.8100000000000005,0.0,-0.18000000000000138,0.0,4.589999999999998
2021-02-10,0.0,4.32,0.0,-7.299999999999998,0.0,-3.7200000000000006,0,0.0,7.8100000000000005,0.0,-0.18000000000000138,0.0,4.589999999999998
2021-02-18,0.78,5.1,0.78,-6.539999999999998,0.0,-3.7200000000000006,0,0.0,7.8100000000000005,0.0,-0.18000000000000138,0.0,4.589999999999998
2021-02-19,0.61,5.71,0.61,-5.169999999999998,0.0,-3.7200000000000006,0,0.0,7.8100000000000005,0.0,-0.18000000000000138,0.0,4.589999999999998
2021-02-22,0.6,6.31,0.6,-3.6599999999999984,0.6,-3.1200000000000006,0,0.0,7.8100000000000005,0.0,-0.18000000000000138,0.0,4.589999999999998
2021-02-23,0.09,6.4,0.09,-2.4399999999999986,0.09,-3.0300000000000007,0,0.0,7.8100000000000005,0.09,-0.09000000000000138,0.0,4.589999999999998
2021-02-24,-0.17,6.23,-0.17,-3.139999999999999,-0.17,-3.2000000000000006,0,-0.0,7.8100000000000005,-0.0,-0.09000000000000138,-0.0,4.589999999999998
2021-02-25,-0.26,5.97,-0.26,-3.909999999999999,-0.26,-3.460000000000001,1,-0.26,7.550000000000001,-0.0,-0.09000000000000138,-0.0,4.589999999999998
2021-02-26,-0.66,5.31,-0.66,-4.539999999999999,-0.0,-3.460000000000001,1,-0.66,6.890000000000001,-0.0,-0.09000000000000138,-0.0,4.589999999999998
2021-03-01,1.12,6.43,1.4,-4.789999999999999,0.0,-3.460000000000001,1,1.12,8.010000000000002,0.0,-0.09000000000000138,0.0,4.589999999999998
2021-03-02,-0.42,6.01,-0.42,-3.5699999999999994,-0.42,-3.880000000000001,0,-0.0,8.010000000000002,-0.0,-0.09000000000000138,-0.0,4.589999999999998
2021-03-03,1.5,7.51,1.5,-3.599999999999999,1.5,-2.380000000000001,0,0.0,8.010000000000002,0.0,-0.09000000000000138,0.0,4.589999999999998
2021-03-04,-0.37,7.14,-0.37,-2.6399999999999992,-0.37,-2.750000000000001,0,-0.0,8.010000000000002,-0.37,-0.4600000000000014,-0.0,4.589999999999998
2021-03-05,-0.24,6.9,-0.24,-3.349999999999999,-0.24,-2.990000000000001,0,-0.0,8.010000000000002,-0.24,-0.7000000000000014,-0.0,4.589999999999998
2021-03-08,0.78,7.68,0.78,-3.019999999999999,0.78,-2.210000000000001,0,0.0,8.010000000000002,0.78,0.07999999999999863,0.0,4.589999999999998
2021-03-09,0.06,7.74,0.06,-3.539999999999999,0.06,-2.150000000000001,1,0.06,8.070000000000002,0.06,0.13999999999999863,0.0,4.589999999999998
2021-03-10,-0.38,7.36,-0.63,-4.02,-0.38,-2.5300000000000007,1,-0.38,7.690000000000002,-0.0,0.13999999999999863,-0.0,4.589999999999998
2021-03-11,0.34,7.7,0.34,-3.0599999999999996,0.34,-2.190000000000001,0,0.0,7.690000000000002,0.34,0.47999999999999865,0.0,4.589999999999998
2021-03-12,0.59,8.29,0.59,-2.26,0.59,-1.600000000000001,0,0.0,7.690000000000002,0.59,1.0699999999999985,0.59,5.179999999999998
2021-03-15,-1.22,7.07,-1.22,-1.9499999999999997,-1.22,-2.820000000000001,0,-0.0,7.690000000000002,-1.22,-0.15000000000000147,-1.22,3.959999999999998
2021-03-16,-0.02,7.05,-0.03,-1.7099999999999997,-0.02,-2.840000000000001,0,-0.0,7.690000000000002,-0.02,-0.17000000000000146,-0.02,3.939999999999998
2021-03-17,0.92,7.97,0.92,-1.4099999999999997,0.92,-1.9200000000000013,0,0.0,7.690000000000002,0.92,0.7499999999999986,0.92,4.8599999999999985
2021-03-18,-0.28,7.69,-0.47,-1.1499999999999997,-0.28,-2.200000000000001,0,-0.0,7.690000000000002,-0.28,0.46999999999999853,-0.28,4.579999999999998
2021-03-19,-0.42,7.27,-0.42,-1.1999999999999997,-0.42,-2.620000000000001,0,-0.0,7.690000000000002,-0.42,0.049999999999998546,-0.42,4.159999999999998
2021-03-22,0.48,7.75,0.8,-1.4299999999999997,0.48,-2.140000000000001,1,0.48,8.170000000000002,0.48,0.5299999999999985,0.48,4.639999999999999
2021-03-23,0.01,7.76,0.01,-0.5299999999999997,0.01,-2.1300000000000012,0,0.0,8.170000000000002,0.01,0.5399999999999985,0.01,4.649999999999999
2021-03-24,1.13,8.89,1.13,-1.0799999999999996,1.13,-1.0000000000000013,1,1.13,9.3,1.13,1.6699999999999984,1.13,5.7799999999999985
2021-03-25,-0.04,8.85,-0.04,-2.1199999999999997,-0.04,-1.0400000000000014,1,-0.04,9.260000000000002,-0.04,1.6299999999999983,-0.04,5.739999999999998
2021-03-26,0.79,9.64,0.79,-2.4299999999999997,0.0,-1.0400000000000014,1,0.79,10.05,0.79,2.419999999999998,0.79,6.5299999999999985
2021-03-29,0.3,9.94,0.3,-1.7199999999999998,0.3,-0.7400000000000013,1,0.3,10.350000000000001,0.3,2.719999999999998,0.3,6.829999999999998
2021-03-30,0.48,10.42,0.6,-1.3799999999999997,0.48,-0.26000000000000134,0,0.0,10.350000000000001,0.48,3.199999999999998,0.48,7.309999999999999
2021-03-31,-0.84,9.58,-0.84,-1.6699999999999997,-0.84,-1.1000000000000014,0,-0.0,10.350000000000001,-0.84,2.359999999999998,-0.84,6.469999999999999
2021-04-01,0.02,9.6,0.04,-1.8699999999999997,0.02,-1.0800000000000014,1,0.02,10.370000000000001,0.02,2.379999999999998,0.02,6.489999999999998
2021-04-02,0.77,10.37,1.28,-1.7399999999999998,0.77,-0.3100000000000014,1,0.77,11.14,0.77,3.149999999999998,0.77,7.259999999999998
2021-04-06,0.17,10.54,0.29,-1.6299999999999997,0.17,-0.14000000000000137,0,0.0,11.14,0.17,3.319999999999998,0.17,7.429999999999998
2021-04-07,0.0,10.54,0.0,-1.2699999999999996,0.0,-0.14000000000000137,0,0.0,11.14,0.0,3.319999999999998,0.0,7.429999999999998
2021-04-08,-0.42,10.12,-0.42,-1.1899999999999995,-0.42,-0.5600000000000014,0,-0.0,11.14,-0.42,2.899999999999998,-0.42,7.009999999999998
2021-04-09,0.6,10.72,0.6,-1.0499999999999994,0.6,0.03999999999999859,0,0.0,11.14,0.6,3.4999999999999982,0.6,7.609999999999998
2021-04-12,-0.72,10.0,-1.2,-1.0299999999999994,-0.72,-0.6800000000000014,0,-0.0,11.14,-0.72,2.7799999999999985,-0.72,6.889999999999998
2021-04-13,-0.24,9.76,-0.3,-1.8199999999999994,-0.0,-0.6800000000000014,1,-0.24,10.9,-0.24,2.5399999999999983,-0.24,6.649999999999998
2021-04-14,0.44,10.2,0.44,-1.9299999999999995,0.0,-0.6800000000000014,1,0.44,11.34,0.44,2.979999999999998,0.44,7.089999999999998
2021-04-15,-0.67,9.53,-0.67,-1.4999999999999996,-0.67,-1.3500000000000014,1,-0.67,10.67,-0.67,2.3099999999999983,-0.67,6.419999999999998
2021-04-16,0.6,10.13,0.6,-1.7999999999999996,0.0,-1.3500000000000014,1,0.6,11.27,0.6,2.9099999999999984,0.6,7.019999999999998
2021-04-19,0.0,10.13,0.0,-1.2599999999999996,0.0,-1.3500000000000014,0,0.0,11.27,0.0,2.9099999999999984,0.0,7.019999999999998
2021-04-20,0.0,10.13,0.0,0.0700000000000005,0.0,-1.3500000000000014,0,0.0,11.27,0.0,2.9099999999999984,0.0,7.019999999999998
2021-04-21,0.0,10.13,0.0,0.3200000000000005,0.0,-1.3500000000000014,0,0.0,11.27,0.0,2.9099999999999984,0.0,7.019999999999998
2021-04-22,0.0,10.13,0.0,0.1400000000000005,0.0,-1.3500000000000014,0,0.0,11.27,0.0,2.9099999999999984,0.0,7.019999999999998
2021-04-23,-0.42,9.71,-0.42,0.2900000000000005,-0.42,-1.7700000000000014,0,-0.0,11.27,-0.42,2.4899999999999984,-0.42,6.599999999999998
2021-04-26,0.0,9.71,0.0,0.11000000000000049,0.0,-1.7700000000000014,1,0.0,11.27,0.0,2.4899999999999984,0.0,6.599999999999998
2021-04-27,-0.42,9.29,-0.42,0.04000000000000048,-0.42,-2.1900000000000013,1,-0.42,10.85,-0.42,2.0699999999999985,-0.42,6.179999999999998
2021-04-28,0.09,9.38,0.09,-0.1699999999999995,0.09,-2.1000000000000014,1,0.09,10.94,0.09,2.1599999999999984,0.09,6.269999999999998
2021-04-29,0.0,9.38,0.0,0.0900000000000005,0.0,-2.1000000000000014,0,0.0,10.94,0.0,2.1599999999999984,0.0,6.269999999999998
2021-04-30,0.0,9.38,0.0,0.2200000000000005,0.0,-2.1000000000000014,0,0.0,10.94,0.0,2.1599999999999984,0.0,6.269999999999998
2021-05-06,0.18,9.56,0.3,0.1000000000000005,0.18,-1.9200000000000015,0,0.0,10.94,0.18,2.3399999999999985,0.18,6.4499999999999975
2021-05-07,-0.03,9.53,-0.03,0.7500000000000006,-0.03,-1.9500000000000015,0,-0.0,10.94,-0.03,2.3099999999999987,-0.03,6.419999999999997
2021-05-10,0.0,9.53,0.0,0.8200000000000005,0.0,-1.9500000000000015,0,0.0,10.94,0.0,2.3099999999999987,0.0,6.419999999999997
2021-05-11,0.0,9.53,0.0,2.3200000000000003,0.0,-1.9500000000000015,0,0.0,10.94,0.0,2.3099999999999987,0.0,6.419999999999997
2021-05-12,0.0,9.53,0.0,2.9200000000000004,0.0,-1.9500000000000015,0,0.0,10.94,0.0,2.3099999999999987,0.0,6.419999999999997
2021-05-13,0.22,9.75,0.37,3.1000000000000005,0.22,-1.7300000000000015,0,0.0,10.94,0.22,2.529999999999999,0.22,6.639999999999997
2021-05-14,-0.03,9.72,-0.03,2.7700000000000005,-0.03,-1.7600000000000016,0,-0.0,10.94,-0.03,2.499999999999999,-0.03,6.609999999999997
2021-05-17,0.0,9.72,0.0,3.1500000000000004,0.0,-1.7600000000000016,0,0.0,10.94,0.0,2.499999999999999,0.0,6.609999999999997
2021-05-18,1.22,10.94,1.22,2.8300000000000005,1.22,-0.5400000000000016,1,1.22,12.16,1.22,3.719999999999999,1.22,7.8299999999999965
2021-05-19,0.0,10.94,0.0,3.3100000000000005,0.0,-0.5400000000000016,0,0.0,12.16,0.0,3.719999999999999,0.0,7.8299999999999965
2021-05-20,0.0,10.94,0.0,3.4800000000000004,0.0,-0.5400000000000016,0,0.0,12.16,0.0,3.719999999999999,0.0,7.8299999999999965
2021-05-21,0.4,11.34,0.4,3.1900000000000004,0.4,-0.14000000000000157,1,0.4,12.56,0.4,4.119999999999999,0.4,8.229999999999997
2021-05-24,0.13,11.47,0.13,3.45,0.13,-0.010000000000001563,0,0.0,12.56,0.13,4.249999999999999,0.13,8.359999999999998
2021-05-25,0.21,11.68,0.21,3.89,0.21,0.19999999999999843,0,0.0,12.56,0.21,4.459999999999999,0.21,8.569999999999999
2021-05-26,0.0,11.68,0.0,4.22,0.0,0.19999999999999843,0,0.0,12.56,0.0,4.459999999999999,0.0,8.569999999999999
2021-05-27,0.0,11.68,0.0,4.6899999999999995,0.0,0.19999999999999843,0,0.0,12.56,0.0,4.459999999999999,0.0,8.569999999999999
2021-05-28,0.0,11.68,0.0,5.1899999999999995,0.0,0.19999999999999843,0,0.0,12.56,0.0,4.459999999999999,0.0,8.569999999999999
2021-05-31,-0.09,11.59,-0.09,5.069999999999999,-0.09,0.10999999999999843,0,-0.0,12.56,-0.09,4.369999999999999,-0.09,8.479999999999999
2021-06-01,-0.42,11.17,-0.42,5.629999999999999,-0.42,-0.31000000000000155,0,-0.0,12.56,-0.42,3.9499999999999993,-0.42,8.059999999999999
2021-06-02,0.0,11.17,0.0,5.799999999999999,0.0,-0.31000000000000155,0,0.0,12.56,0.0,3.9499999999999993,0.0,8.059999999999999
2021-06-03,-0.42,10.75,-0.42,5.479999999999999,-0.42,-0.7300000000000015,0,-0.0,12.56,-0.42,3.5299999999999994,-0.42,7.639999999999999
2021-06-04,0.26,11.01,0.26,5.559999999999999,0.26,-0.4700000000000015,0,0.0,12.56,0.26,3.789999999999999,0.26,7.899999999999999
2021-06-07,0.3,11.31,0.3,5.599999999999999,0.3,-0.17000000000000154,1,0.3,12.860000000000001,0.3,4.089999999999999,0.3,8.2
2021-06-08,0.0,11.31,0.0,5.689999999999999,0.0,-0.17000000000000154,0,0.0,12.860000000000001,0.0,4.089999999999999,0.0,8.2
2021-06-09,0.0,11.31,0.0,5.539999999999998,0.0,-0.17000000000000154,1,0.0,12.860000000000001,0.0,4.089999999999999,0.0,8.2
2021-06-10,0.3,11.61,0.3,5.5299999999999985,0.3,0.12999999999999845,1,0.3,13.160000000000002,0.3,4.389999999999999,0.3,8.5
2021-06-11,0.0,11.61,0.0,6.019999999999999,0.0,0.12999999999999845,0,0.0,13.160000000000002,0.0,4.389999999999999,0.0,8.5
2021-06-15,0.06,11.67,0.06,5.959999999999999,0.06,0.18999999999999845,0,0.0,13.160000000000002,0.06,4.449999999999998,0.06,8.56
2021-06-16,-0.12,11.55,-0.12,5.239999999999999,-0.12,0.06999999999999845,1,-0.12,13.040000000000003,-0.12,4.329999999999998,-0.12,8.440000000000001
2021-06-17,0.6,12.15,0.6,4.09,0.0,0.06999999999999845,1,0.6,13.640000000000002,0.6,4.929999999999998,0.6,9.040000000000001
2021-06-18,0.0,12.15,0.0,4.01,0.0,0.06999999999999845,1,0.0,13.640000000000002,0.0,4.929999999999998,0.0,9.040000000000001
2021-06-21,0.3,12.45,0.3,4.45,0.0,0.06999999999999845,1,0.3,13.940000000000003,0.3,5.229999999999998,0.3,9.340000000000002
2021-06-22,0.0,12.45,0.0,5.26,0.0,0.06999999999999845,0,0.0,13.940000000000003,0.0,5.229999999999998,0.0,9.340000000000002
2021-06-23,0.0,12.45,0.0,6.0,0.0,0.06999999999999845,0,0.0,13.940000000000003,0.0,5.229999999999998,0.0,9.340000000000002
2021-06-24,0.0,12.45,0.0,6.7,0.0,0.06999999999999845,0,0.0,13.940000000000003,0.0,5.229999999999998,0.0,9.340000000000002
2021-06-25,0.6,13.05,0.6,6.86,0.6,0.6699999999999984,0,0.0,13.940000000000003,0.6,5.829999999999997,0.6,9.940000000000001
2021-06-28,0.6,13.65,0.6,7.11,0.6,1.2699999999999982,0,0.0,13.940000000000003,0.6,6.429999999999997,0.6,10.540000000000001
2021-06-29,0.0,13.65,0.0,7.630000000000001,0.0,1.2699999999999982,0,0.0,13.940000000000003,0.0,6.429999999999997,0.0,10.540000000000001
2021-06-30,0.3,13.95,0.3,7.180000000000001,0.3,1.5699999999999983,0,0.0,13.940000000000003,0.3,6.729999999999997,0.3,10.840000000000002
2021-07-01,0.0,13.95,0.0,7.300000000000001,0.0,1.5699999999999983,0,0.0,13.940000000000003,0.0,6.729999999999997,0.0,10.840000000000002
2021-07-02,-0.3,13.65,-0.37,6.880000000000001,-0.3,1.2699999999999982,1,-0.3,13.640000000000002,-0.3,6.429999999999997,-0.3,10.540000000000001
2021-07-05,0.0,13.65,0.0,6.530000000000001,0.0,1.2699999999999982,1,0.0,13.640000000000002,0.0,6.429999999999997,0.0,10.540000000000001
2021-07-06,0.0,13.65,0.0,7.1400000000000015,0.0,1.2699999999999982,0,0.0,13.640000000000002,0.0,6.429999999999997,0.0,10.540000000000001
2021-07-07,0.0,13.65,0.0,7.210000000000002,0.0,1.2699999999999982,0,0.0,13.640000000000002,0.0,6.429999999999997,0.0,10.540000000000001
2021-07-08,0.3,13.95,0.3,8.280000000000001,0.3,1.5699999999999983,0,0.0,13.640000000000002,0.3,6.729999999999997,0.3,10.840000000000002
2021-07-09,0.3,14.25,0.3,8.660000000000002,0.3,1.8699999999999983,0,0.0,13.640000000000002,0.3,7.029999999999997,0.3,11.140000000000002
2021-07-12,0.0,14.25,0.0,9.270000000000001,0.0,1.8699999999999983,0,0.0,13.640000000000002,0.0,7.029999999999997,0.0,11.140000000000002
2021-07-13,0.0,14.25,0.0,10.55,0.0,1.8699999999999983,0,0.0,13.640000000000002,0.0,7.029999999999997,0.0,11.140000000000002
2021-07-14,0.0,14.25,0.0,11.57,0.0,1.8699999999999983,0,0.0,13.640000000000002,0.0,7.029999999999997,0.0,11.140000000000002
2021-07-15,0.18,14.43,0.3,11.61,0.18,2.0499999999999985,0,0.0,13.640000000000002,0.18,7.209999999999996,0.18,11.320000000000002
2021-07-16,-0.77,13.66,-0.77,11.19,-0.77,1.2799999999999985,0,-0.0,13.640000000000002,-0.77,6.439999999999996,-0.77,10.550000000000002
2021-07-19,0.3,13.96,0.3,11.32,0.3,1.5799999999999985,0,0.0,13.640000000000002,0.3,6.739999999999996,0.3,10.850000000000003
2021-07-20,0.0,13.96,0.0,11.14,0.0,1.5799999999999985,1,0.0,13.640000000000002,0.0,6.739999999999996,0.0,10.850000000000003
2021-07-21,0.0,13.96,0.0,11.18,0.0,1.5799999999999985,1,0.0,13.640000000000002,0.0,6.739999999999996,0.0,10.850000000000003
2021-07-22,0.0,13.96,0.0,12.59,0.0,1.5799999999999985,0,0.0,13.640000000000002,0.0,6.739999999999996,0.0,10.850000000000003
2021-07-23,0.0,13.96,0.0,13.379999999999999,0.0,1.5799999999999985,0,0.0,13.640000000000002,0.0,6.739999999999996,0.0,10.850000000000003
2021-07-26,-0.42,13.54,-0.42,13.28,-0.42,1.1599999999999986,0,-0.0,13.640000000000002,-0.42,6.319999999999996,-0.42,10.430000000000003
2021-07-27,-0.05,13.49,-0.05,12.629999999999999,-0.05,1.1099999999999985,0,-0.0,13.640000000000002,-0.05,6.269999999999996,-0.05,10.380000000000003
2021-07-28,-0.42,13.07,-0.42,11.399999999999999,-0.42,0.6899999999999986,1,-0.42,13.220000000000002,-0.42,5.849999999999996,-0.42,9.960000000000003
2021-07-29,0.3,13.37,0.3,10.229999999999999,0.0,0.6899999999999986,1,0.3,13.520000000000003,0.3,6.149999999999996,0.3,10.260000000000003
2021-07-30,0.07,13.44,0.07,12.29,0.07,0.7599999999999987,0,0.0,13.520000000000003,0.07,6.219999999999996,0.07,10.330000000000004
2021-08-02,0.0,13.44,0.0,12.959999999999999,0.0,0.7599999999999987,0,0.0,13.520000000000003,0.0,6.219999999999996,0.0,10.330000000000004
2021-08-03,-0.02,13.42,-0.02,14.329999999999998,-0.02,0.7399999999999987,0,-0.0,13.520000000000003,-0.02,6.199999999999997,-0.02,10.310000000000004
2021-08-04,0.0,13.42,0.0,13.809999999999999,0.0,0.7399999999999987,0,0.0,13.520000000000003,0.0,6.199999999999997,0.0,10.310000000000004
2021-08-05,-0.2,13.22,-0.2,15.159999999999998,-0.2,0.5399999999999987,0,-0.0,13.520000000000003,-0.2,5.9999999999999964,-0.2,10.110000000000005
2021-08-06,0.02,13.24,0.02,14.929999999999998,0.02,0.5599999999999987,0,0.0,13.520000000000003,0.02,6.019999999999996,0.02,10.130000000000004
2021-08-09,0.0,13.24,0.0,15.319999999999999,0.0,0.5599999999999987,0,0.0,13.520000000000003,0.0,6.019999999999996,0.0,10.130000000000004
2021-08-10,0.03,13.27,0.03,15.339999999999998,0.03,0.5899999999999987,0,0.0,13.520000000000003,0.03,6.049999999999996,0.03,10.160000000000004
2021-08-11,0.3,13.57,0.3,15.649999999999999,0.3,0.8899999999999988,0,0.0,13.520000000000003,0.3,6.349999999999996,0.3,10.460000000000004
2021-08-12,0.3,13.87,0.3,16.33,0.3,1.1899999999999988,0,0.0,13.520000000000003,0.3,6.649999999999996,0.3,10.760000000000005
2021-08-13,0.0,13.87,0.0,16.74,0.0,1.1899999999999988,0,0.0,13.520000000000003,0.0,6.649999999999996,0.0,10.760000000000005
2021-08-16,0.0,13.87,0.0,16.959999999999997,0.0,1.1899999999999988,0,0.0,13.520000000000003,0.0,6.649999999999996,0.0,10.760000000000005
2021-08-17,0.3,14.17,0.3,16.9,0.3,1.4899999999999989,0,0.0,13.520000000000003,0.3,6.949999999999996,0.3,11.060000000000006
2021-08-18,0.6,14.77,0.6,15.36,0.6,2.089999999999999,1,0.6,14.120000000000003,0.6,7.549999999999995,0.6,11.660000000000005
2021-08-19,0.0,14.77,0.0,15.59,0.0,2.089999999999999,1,0.0,14.120000000000003,0.0,7.549999999999995,0.0,11.660000000000005
2021-08-20,0.0,14.77,0.0,15.68,0.0,2.089999999999999,1,0.0,14.120000000000003,0.0,7.549999999999995,0.0,11.660000000000005
2021-08-23,0.3,15.07,0.3,15.36,0.3,2.389999999999999,1,0.3,14.420000000000003,0.3,7.849999999999995,0.3,11.960000000000006
2021-08-24,0.0,15.07,0.0,16.89,0.0,2.389999999999999,0,0.0,14.420000000000003,0.0,7.849999999999995,0.0,11.960000000000006
2021-08-25,0.3,15.37,0.3,17.59,0.3,2.6899999999999986,0,0.0,14.420000000000003,0.3,8.149999999999995,0.3,12.260000000000007
2021-08-26,0.0,15.37,0.0,18.34,0.0,2.6899999999999986,0,0.0,14.420000000000003,0.0,8.149999999999995,0.0,12.260000000000007
2021-08-27,0.0,15.37,0.0,18.26,0.0,2.6899999999999986,0,0.0,14.420000000000003,0.0,8.149999999999995,0.0,12.260000000000007
2021-08-30,0.0,15.37,0.0,18.46,0.0,2.6899999999999986,0,0.0,14.420000000000003,0.0,8.149999999999995,0.0,12.260000000000007
2021-08-31,0.0,15.37,0.0,19.2,0.0,2.6899999999999986,0,0.0,14.420000000000003,0.0,8.149999999999995,0.0,12.260000000000007
2021-09-01,0.3,15.67,0.3,19.11,0.3,2.9899999999999984,0,0.0,14.420000000000003,0.3,8.449999999999996,0.3,12.560000000000008
2021-09-02,0.9,16.57,1.5,18.77,0.9,3.8899999999999983,0,0.0,14.420000000000003,0.9,9.349999999999996,0.9,13.460000000000008
2021-09-03,0.3,16.87,0.3,20.25,0.3,4.189999999999999,0,0.0,14.420000000000003,0.3,9.649999999999997,0.3,13.760000000000009
2021-09-06,0.9,17.77,1.5,20.21,0.9,5.089999999999999,0,0.0,14.420000000000003,0.9,10.549999999999997,0.9,14.660000000000009
2021-09-07,0.0,17.77,0.0,20.92,0.0,5.089999999999999,0,0.0,14.420000000000003,0.0,10.549999999999997,0.0,14.660000000000009
2021-09-08,0.3,18.07,0.3,22.090000000000003,0.3,5.389999999999999,0,0.0,14.420000000000003,0.3,10.849999999999998,0.3,14.96000000000001
2021-09-09,0.0,18.07,0.0,22.510000000000005,0.0,5.389999999999999,0,0.0,14.420000000000003,0.0,10.849999999999998,0.0,14.96000000000001
2021-09-10,0.0,18.07,0.0,22.410000000000004,0.0,5.389999999999999,0,0.0,14.420000000000003,0.0,10.849999999999998,0.0,14.96000000000001
2021-09-13,1.2,19.27,1.5,22.110000000000003,1.2,6.589999999999999,0,0.0,14.420000000000003,1.2,12.049999999999997,1.2,16.16000000000001
2021-09-14,0.0,19.27,0.0,22.530000000000005,0.0,6.589999999999999,0,0.0,14.420000000000003,0.0,12.049999999999997,0.0,16.16000000000001
2021-09-15,0.0,19.27,0.0,21.920000000000005,0.0,6.589999999999999,1,0.0,14.420000000000003,0.0,12.049999999999997,0.0,16.16000000000001
2021-09-16,0.0,19.27,0.0,21.980000000000004,0.0,6.589999999999999,1,0.0,14.420000000000003,0.0,12.049999999999997,0.0,16.16000000000001
2021-09-17,0.06,19.33,0.06,20.000000000000004,0.0,6.589999999999999,1,0.06,14.480000000000004,0.06,12.109999999999998,0.06,16.22000000000001
2021-09-22,0.0,19.33,0.0,19.470000000000002,0.0,6.589999999999999,1,0.0,14.480000000000004,0.0,12.109999999999998,0.0,16.22000000000001
2021-09-23,0.0,19.33,0.0,19.890000000000004,0.0,6.589999999999999,1,0.0,14.480000000000004,0.0,12.109999999999998,0.0,16.22000000000001
2021-09-24,0.0,19.33,0.0,20.640000000000004,0.0,6.589999999999999,0,0.0,14.480000000000004,0.0,12.109999999999998,0.0,16.22000000000001
2021-09-27,0.3,19.63,0.3,19.920000000000005,0.0,6.589999999999999,1,0.3,14.780000000000005,0.3,12.409999999999998,0.3,16.52000000000001
2021-09-28,-0.47,19.16,-0.78,17.700000000000006,-0.0,6.589999999999999,1,-0.47,14.310000000000004,-0.0,12.409999999999998,-0.47,16.05000000000001
2021-09-29,0.0,19.16,0.0,18.040000000000006,0.0,6.589999999999999,1,0.0,14.310000000000004,0.0,12.409999999999998,0.0,16.05000000000001
2021-09-30,0.32,19.48,0.32,16.240000000000006,0.0,6.589999999999999,1,0.32,14.630000000000004,0.0,12.409999999999998,0.32,16.37000000000001
2021-10-08,0.0,19.48,0.0,17.810000000000006,0.0,6.589999999999999,1,0.0,14.630000000000004,0.0,12.409999999999998,0.0,16.37000000000001
2021-10-11,0.3,19.78,0.3,18.250000000000007,0.0,6.589999999999999,0,0.0,14.630000000000004,0.0,12.409999999999998,0.3,16.670000000000012
2021-10-12,-0.42,19.36,-0.42,18.090000000000007,-0.0,6.589999999999999,0,-0.0,14.630000000000004,-0.0,12.409999999999998,-0.42,16.25000000000001
2021-10-13,-0.6,18.76,-0.6,16.42000000000001,-0.0,6.589999999999999,1,-0.6,14.030000000000005,-0.0,12.409999999999998,-0.0,16.25000000000001
2021-10-14,0.0,18.76,0.0,16.210000000000008,0.0,6.589999999999999,1,0.0,14.030000000000005,0.0,12.409999999999998,0.0,16.25000000000001
2021-10-15,-0.05,18.71,-0.05,16.85000000000001,-0.0,6.589999999999999,1,-0.05,13.980000000000004,-0.0,12.409999999999998,-0.0,16.25000000000001
2021-10-18,0.3,19.01,0.3,17.11000000000001,0.0,6.589999999999999,0,0.0,13.980000000000004,0.0,12.409999999999998,0.3,16.55000000000001
2021-10-19,0.0,19.01,0.0,17.86000000000001,0.0,6.589999999999999,0,0.0,13.980000000000004,0.0,12.409999999999998,0.0,16.55000000000001
2021-10-20,-0.04,18.97,-0.04,18.68000000000001,-0.0,6.589999999999999,0,-0.0,13.980000000000004,-0.0,12.409999999999998,-0.04,16.510000000000012
2021-10-21,-0.32,18.65,-0.32,18.95000000000001,-0.32,6.269999999999999,0,-0.0,13.980000000000004,-0.0,12.409999999999998,-0.32,16.190000000000012
2021-10-22,0.0,18.65,0.0,18.91000000000001,0.0,6.269999999999999,0,0.0,13.980000000000004,0.0,12.409999999999998,0.0,16.190000000000012
2021-10-25,0.3,18.95,0.3,18.440000000000012,0.3,6.5699999999999985,1,0.3,14.280000000000005,0.0,12.409999999999998,0.3,16.490000000000013
2021-10-26,0.0,18.95,0.0,19.200000000000014,0.0,6.5699999999999985,0,0.0,14.280000000000005,0.0,12.409999999999998,0.0,16.490000000000013
2021-10-27,0.0,18.95,0.0,19.590000000000014,0.0,6.5699999999999985,0,0.0,14.280000000000005,0.0,12.409999999999998,0.0,16.490000000000013
2021-10-28,-0.42,18.53,-0.42,19.220000000000013,-0.42,6.149999999999999,0,-0.0,14.280000000000005,-0.0,12.409999999999998,-0.42,16.07000000000001
2021-10-29,0.0,18.53,0.0,18.400000000000013,0.0,6.149999999999999,1,0.0,14.280000000000005,0.0,12.409999999999998,0.0,16.07000000000001
2021-11-01,0.0,18.53,0.0,18.96000000000001,0.0,6.149999999999999,1,0.0,14.280000000000005,0.0,12.409999999999998,0.0,16.07000000000001
2021-11-02,0.0,18.53,0.0,20.13000000000001,0.0,6.149999999999999,0,0.0,14.280000000000005,0.0,12.409999999999998,0.0,16.07000000000001
2021-11-03,-0.41,18.12,-0.41,19.73000000000001,-0.41,5.739999999999998,0,-0.0,14.280000000000005,-0.41,11.999999999999998,-0.41,15.66000000000001
2021-11-04,0.3,18.42,0.3,20.00000000000001,0.3,6.039999999999998,0,0.0,14.280000000000005,0.3,12.299999999999999,0.3,15.960000000000012
2021-11-05,0.0,18.42,0.0,21.32000000000001,0.0,6.039999999999998,0,0.0,14.280000000000005,0.0,12.299999999999999,0.0,15.960000000000012
2021-11-08,0.32,18.74,0.54,20.81000000000001,0.32,6.3599999999999985,0,0.0,14.280000000000005,0.32,12.62,0.32,16.280000000000012
2021-11-09,0.0,18.74,0.0,21.44000000000001,0.0,6.3599999999999985,0,0.0,14.280000000000005,0.0,12.62,0.0,16.280000000000012
2021-11-10,0.0,18.74,0.0,22.340000000000007,0.0,6.3599999999999985,0,0.0,14.280000000000005,0.0,12.62,0.0,16.280000000000012
2021-11-11,0.0,18.74,0.0,22.630000000000006,0.0,6.3599999999999985,0,0.0,14.280000000000005,0.0,12.62,0.0,16.280000000000012
2021-11-12,0.0,18.74,0.0,23.640000000000008,0.0,6.3599999999999985,0,0.0,14.280000000000005,0.0,12.62,0.0,16.280000000000012
2021-11-15,0.0,18.74,0.0,24.520000000000007,0.0,6.3599999999999985,0,0.0,14.280000000000005,0.0,12.62,0.0,16.280000000000012
2021-11-16,0.0,18.74,0.0,25.040000000000006,0.0,6.3599999999999985,0,0.0,14.280000000000005,0.0,12.62,0.0,16.280000000000012
2021-11-17,0.0,18.74,0.0,24.260000000000005,0.0,6.3599999999999985,0,0.0,14.280000000000005,0.0,12.62,0.0,16.280000000000012
2021-11-18,0.0,18.74,0.0,24.980000000000004,0.0,6.3599999999999985,0,0.0,14.280000000000005,0.0,12.62,0.0,16.280000000000012
2021-11-19,0.4,19.14,0.67,24.870000000000005,0.4,6.759999999999999,0,0.0,14.280000000000005,0.4,13.02,0.4,16.68000000000001
2021-11-22,0.0,19.14,0.0,25.980000000000004,0.0,6.759999999999999,0,0.0,14.280000000000005,0.0,13.02,0.0,16.68000000000001
2021-11-23,0.0,19.14,0.0,27.230000000000004,0.0,6.759999999999999,0,0.0,14.280000000000005,0.0,13.02,0.0,16.68000000000001
2021-11-24,0.0,19.14,0.0,27.310000000000002,0.0,6.759999999999999,0,0.0,14.280000000000005,0.0,13.02,0.0,16.68000000000001
2021-11-25,0.0,19.14,0.0,27.470000000000002,0.0,6.759999999999999,0,0.0,14.280000000000005,0.0,13.02,0.0,16.68000000000001
2021-11-26,-0.18,18.96,-0.18,27.35,-0.18,6.579999999999999,0,-0.0,14.280000000000005,-0.18,12.84,-0.18,16.50000000000001
2021-11-29,0.0,18.96,0.0,27.520000000000003,0.0,6.579999999999999,0,0.0,14.280000000000005,0.0,12.84,0.0,16.50000000000001
2021-11-30,-0.11,18.85,-0.11,28.180000000000003,-0.11,6.469999999999999,0,-0.0,14.280000000000005,-0.11,12.73,-0.11,16.39000000000001
2021-12-01,0.32,19.17,0.32,28.680000000000003,0.32,6.789999999999999,0,0.0,14.280000000000005,0.32,13.05,0.32,16.71000000000001
2021-12-02,0.0,19.17,0.0,29.330000000000002,0.0,6.789999999999999,0,0.0,14.280000000000005,0.0,13.05,0.0,16.71000000000001
2021-12-03,-0.42,18.75,-0.42,29.340000000000003,-0.42,6.369999999999999,0,-0.0,14.280000000000005,-0.42,12.63,-0.42,16.29000000000001
2021-12-06,0.0,18.75,0.0,29.710000000000004,0.0,6.369999999999999,0,0.0,14.280000000000005,0.0,12.63,0.0,16.29000000000001
2021-12-07,0.39,19.14,0.65,28.150000000000006,0.39,6.759999999999999,1,0.39,14.670000000000005,0.39,13.020000000000001,0.39,16.68000000000001
2021-12-08,-0.86,18.28,-1.43,25.650000000000006,-0.0,6.759999999999999,1,-0.86,13.810000000000006,-0.86,12.160000000000002,-0.86,15.820000000000011
2021-12-09,-0.08,18.2,-0.08,26.830000000000005,-0.0,6.759999999999999,1,-0.08,13.730000000000006,-0.08,12.080000000000002,-0.08,15.74000000000001
2021-12-10,0.0,18.2,0.0,27.500000000000007,0.0,6.759999999999999,1,0.0,13.730000000000006,0.0,12.080000000000002,0.0,15.74000000000001
2021-12-13,0.0,18.2,0.0,28.180000000000007,0.0,6.759999999999999,0,0.0,13.730000000000006,0.0,12.080000000000002,0.0,15.74000000000001
2021-12-14,0.06,18.26,0.06,28.580000000000005,0.06,6.8199999999999985,0,0.0,13.730000000000006,0.06,12.140000000000002,0.06,15.800000000000011
2021-12-15,0.0,18.26,0.0,28.170000000000005,0.0,6.8199999999999985,0,0.0,13.730000000000006,0.0,12.140000000000002,0.0,15.800000000000011
2021-12-16,0.0,18.26,0.0,28.200000000000006,0.0,6.8199999999999985,0,0.0,13.730000000000006,0.0,12.140000000000002,0.0,15.800000000000011
2021-12-17,0.0,18.26,0.0,28.610000000000007,0.0,6.8199999999999985,0,0.0,13.730000000000006,0.0,12.140000000000002,0.0,15.800000000000011
2021-12-20,0.0,18.26,0.0,28.430000000000007,0.0,6.8199999999999985,0,0.0,13.730000000000006,0.0,12.140000000000002,0.0,15.800000000000011
2021-12-21,0.19,18.45,0.19,27.640000000000008,0.0,6.8199999999999985,1,0.19,13.920000000000005,0.19,12.330000000000002,0.19,15.99000000000001
2021-12-22,0.0,18.45,0.0,28.42000000000001,0.0,6.8199999999999985,0,0.0,13.920000000000005,0.0,12.330000000000002,0.0,15.99000000000001
2021-12-23,0.0,18.45,0.0,29.070000000000007,0.0,6.8199999999999985,0,0.0,13.920000000000005,0.0,12.330000000000002,0.0,15.99000000000001
2021-12-24,0.0,18.45,0.0,29.69000000000001,0.0,6.8199999999999985,0,0.0,13.920000000000005,0.0,12.330000000000002,0.0,15.99000000000001
2021-12-27,0.22,18.67,0.22,29.120000000000008,0.22,7.039999999999998,0,0.0,13.920000000000005,0.22,12.550000000000002,0.22,16.21000000000001
2021-12-28,0.3,18.97,0.3,28.90000000000001,0.3,7.339999999999998,1,0.3,14.220000000000006,0.3,12.850000000000003,0.3,16.510000000000012
2021-12-29,0.3,19.27,0.3,29.01000000000001,0.3,7.639999999999998,1,0.3,14.520000000000007,0.3,13.150000000000004,0.3,16.810000000000013
2021-12-30,0.0,19.27,0.0,28.78000000000001,0.0,7.639999999999998,1,0.0,14.520000000000007,0.0,13.150000000000004,0.0,16.810000000000013
2021-12-31,0.0,19.27,0.0,29.20000000000001,0.0,7.639999999999998,0,0.0,14.520000000000007,0.0,13.150000000000004,0.0,16.810000000000013
2022-01-04,0.0,19.27,0.0,30.08000000000001,0.0,7.639999999999998,0,0.0,14.520000000000007,0.0,13.150000000000004,0.0,16.810000000000013
2022-01-05,-0.42,18.85,-0.42,30.86000000000001,-0.42,7.219999999999998,0,-0.0,14.520000000000007,-0.42,12.730000000000004,-0.42,16.39000000000001
2022-01-06,0.3,19.15,0.3,29.93000000000001,0.3,7.519999999999998,0,0.0,14.520000000000007,0.3,13.030000000000005,0.3,16.690000000000012
2022-01-07,0.0,19.15,0.0,30.49000000000001,0.0,7.519999999999998,0,0.0,14.520000000000007,0.0,13.030000000000005,0.0,16.690000000000012
2022-01-10,0.3,19.45,0.3,29.86000000000001,0.3,7.819999999999998,1,0.3,14.820000000000007,0.3,13.330000000000005,0.3,16.990000000000013
2022-01-11,0.0,19.45,0.0,30.35000000000001,0.0,7.819999999999998,0,0.0,14.820000000000007,0.0,13.330000000000005,0.0,16.990000000000013
2022-01-12,0.07,19.52,0.07,29.63000000000001,0.07,7.889999999999998,1,0.07,14.890000000000008,0.07,13.400000000000006,0.07,17.060000000000013
2022-01-13,0.0,19.52,0.0,30.58000000000001,0.0,7.889999999999998,0,0.0,14.890000000000008,0.0,13.400000000000006,0.0,17.060000000000013
2022-01-14,0.3,19.82,0.3,29.870000000000008,0.3,8.189999999999998,1,0.3,15.190000000000008,0.3,13.700000000000006,0.3,17.360000000000014
2022-01-17,0.3,20.12,0.3,29.03000000000001,0.0,8.189999999999998,1,0.3,15.490000000000009,0.3,14.000000000000007,0.3,17.660000000000014
2022-01-18,0.3,20.42,0.3,30.19000000000001,0.3,8.489999999999998,0,0.0,15.490000000000009,0.3,14.300000000000008,0.3,17.960000000000015
2022-01-19,0.0,20.42,0.0,30.10000000000001,0.0,8.489999999999998,0,0.0,15.490000000000009,0.0,14.300000000000008,0.0,17.960000000000015
2022-01-20,0.0,20.42,0.0,30.070000000000007,0.0,8.489999999999998,0,0.0,15.490000000000009,0.0,14.300000000000008,0.0,17.960000000000015
2022-01-21,-0.42,20.0,-0.42,29.400000000000006,-0.0,8.489999999999998,1,-0.42,15.07000000000001,-0.42,13.880000000000008,-0.42,17.540000000000013
2022-01-24,0.0,20.0,0.0,28.870000000000005,0.0,8.489999999999998,1,0.0,15.07000000000001,0.0,13.880000000000008,0.0,17.540000000000013
2022-01-25,0.0,20.0,0.0,29.260000000000005,0.0,8.489999999999998,1,0.0,15.07000000000001,0.0,13.880000000000008,0.0,17.540000000000013
2022-01-26,0.0,20.0,0.0,27.630000000000006,0.0,8.489999999999998,1,0.0,15.07000000000001,0.0,13.880000000000008,0.0,17.540000000000013
2022-01-27,0.0,20.0,0.0,28.050000000000008,0.0,8.489999999999998,1,0.0,15.07000000000001,0.0,13.880000000000008,0.0,17.540000000000013
2022-01-28,-0.24,19.76,-0.24,26.790000000000006,-0.0,8.489999999999998,1,-0.24,14.830000000000009,-0.0,13.880000000000008,-0.0,17.540000000000013
2022-02-07,0.0,19.76,0.0,26.900000000000006,0.0,8.489999999999998,1,0.0,14.830000000000009,0.0,13.880000000000008,0.0,17.540000000000013
2022-02-08,0.0,19.76,0.0,28.020000000000007,0.0,8.489999999999998,0,0.0,14.830000000000009,0.0,13.880000000000008,0.0,17.540000000000013
2022-02-09,0.0,19.76,0.0,28.140000000000008,0.0,8.489999999999998,0,0.0,14.830000000000009,0.0,13.880000000000008,0.0,17.540000000000013
2022-02-10,0.0,19.76,0.0,29.480000000000008,0.0,8.489999999999998,0,0.0,14.830000000000009,0.0,13.880000000000008,0.0,17.540000000000013
2022-02-11,0.0,19.76,0.0,29.660000000000007,0.0,8.489999999999998,0,0.0,14.830000000000009,0.0,13.880000000000008,0.0,17.540000000000013
2022-02-14,-0.42,19.34,-0.42,28.590000000000007,-0.0,8.489999999999998,1,-0.42,14.410000000000009,-0.0,13.880000000000008,-0.42,17.12000000000001
2022-02-15,-0.84,18.5,-0.84,25.490000000000006,-0.0,8.489999999999998,1,-0.84,13.57000000000001,-0.0,13.880000000000008,-0.0,17.12000000000001
2022-02-16,0.0,18.5,0.0,23.910000000000004,0.0,8.489999999999998,1,0.0,13.57000000000001,0.0,13.880000000000008,0.0,17.12000000000001
2022-02-17,0.0,18.5,0.0,24.570000000000004,0.0,8.489999999999998,1,0.0,13.57000000000001,0.0,13.880000000000008,0.0,17.12000000000001
2022-02-18,0.0,18.5,0.0,24.750000000000004,0.0,8.489999999999998,1,0.0,13.57000000000001,0.0,13.880000000000008,0.0,17.12000000000001
2022-02-21,0.0,18.5,0.0,25.550000000000004,0.0,8.489999999999998,0,0.0,13.57000000000001,0.0,13.880000000000008,0.0,17.12000000000001
2022-02-22,0.0,18.5,0.0,26.730000000000004,0.0,8.489999999999998,0,0.0,13.57000000000001,0.0,13.880000000000008,0.0,17.12000000000001
2022-02-23,0.3,18.8,0.3,26.130000000000003,0.0,8.489999999999998,0,0.0,13.57000000000001,0.0,13.880000000000008,0.0,17.12000000000001
2022-02-24,-0.42,18.38,-0.42,27.880000000000003,-0.42,8.069999999999999,0,-0.0,13.57000000000001,-0.0,13.880000000000008,-0.0,17.12000000000001
2022-02-25,0.99,19.37,0.99,27.000000000000004,0.0,8.069999999999999,0,0.0,13.57000000000001,0.0,13.880000000000008,0.0,17.12000000000001
2022-02-28,0.0,19.37,0.0,27.960000000000004,0.0,8.069999999999999,0,0.0,13.57000000000001,0.0,13.880000000000008,0.0,17.12000000000001
2022-03-01,-0.01,19.36,-0.01,28.470000000000006,-0.01,8.059999999999999,0,-0.0,13.57000000000001,-0.01,13.870000000000008,-0.0,17.12000000000001
2022-03-02,-0.42,18.94,-0.42,28.810000000000006,-0.42,7.639999999999999,0,-0.0,13.57000000000001,-0.42,13.450000000000008,-0.42,16.70000000000001
2022-03-03,0.0,18.94,0.0,28.640000000000004,0.0,7.639999999999999,0,0.0,13.57000000000001,0.0,13.450000000000008,0.0,16.70000000000001
2022-03-04,-0.12,18.82,-0.12,27.610000000000003,-0.12,7.519999999999999,1,-0.12,13.45000000000001,-0.0,13.450000000000008,-0.0,16.70000000000001
2022-03-07,0.6,19.42,0.6,26.060000000000002,0.0,7.519999999999999,1,0.6,14.05000000000001,0.0,13.450000000000008,0.0,16.70000000000001
2022-03-08,-1.26,18.16,-2.1,23.660000000000004,-0.0,7.519999999999999,1,-1.26,12.79000000000001,-0.0,13.450000000000008,-0.0,16.70000000000001
2022-03-09,0.3,18.46,0.3,21.030000000000005,0.0,7.519999999999999,1,0.3,13.09000000000001,0.0,13.450000000000008,0.0,16.70000000000001
2022-03-10,0.3,18.76,0.3,20.170000000000005,0.0,7.519999999999999,1,0.3,13.390000000000011,0.0,13.450000000000008,0.0,16.70000000000001
2022-03-11,-0.12,18.64,-0.12,22.170000000000005,-0.0,7.519999999999999,1,-0.12,13.270000000000012,-0.0,13.450000000000008,-0.0,16.70000000000001
2022-03-14,0.0,18.64,0.0,22.110000000000007,0.0,7.519999999999999,0,0.0,13.270000000000012,0.0,13.450000000000008,0.0,16.70000000000001
2022-03-15,-0.77,17.87,-0.96,21.370000000000008,-0.0,7.519999999999999,1,-0.77,12.500000000000012,-0.0,13.450000000000008,-0.0,16.70000000000001
2022-03-16,1.5,19.37,1.5,19.430000000000007,0.0,7.519999999999999,1,1.5,14.000000000000012,0.0,13.450000000000008,0.0,16.70000000000001
2022-03-17,0.0,19.37,0.0,21.140000000000008,0.0,7.519999999999999,1,0.0,14.000000000000012,0.0,13.450000000000008,0.0,16.70000000000001
2022-03-18,0.3,19.67,0.3,22.750000000000007,0.0,7.519999999999999,0,0.0,14.000000000000012,0.0,13.450000000000008,0.0,16.70000000000001
2022-03-21,0.3,19.97,0.3,23.580000000000005,0.0,7.519999999999999,0,0.0,14.000000000000012,0.0,13.450000000000008,0.0,16.70000000000001
2022-03-22,-0.01,19.96,-0.01,24.080000000000005,-0.0,7.519999999999999,0,-0.0,14.000000000000012,-0.0,13.450000000000008,-0.0,16.70000000000001
2022-03-23,0.0,19.96,0.0,23.740000000000006,0.0,7.519999999999999,0,0.0,14.000000000000012,0.0,13.450000000000008,0.0,16.70000000000001
2022-03-24,-1.11,18.85,-1.84,23.530000000000005,-0.0,7.519999999999999,1,-1.11,12.890000000000013,-0.0,13.450000000000008,-0.0,16.70000000000001
2022-03-25,-1.72,17.13,-1.72,22.180000000000003,-0.0,7.519999999999999,1,-1.72,11.170000000000012,-0.0,13.450000000000008,-0.0,16.70000000000001
2022-03-28,-0.42,16.71,-0.42,21.150000000000002,-0.0,7.519999999999999,1,-0.42,10.750000000000012,-0.0,13.450000000000008,-0.0,16.70000000000001
2022-03-29,0.0,16.71,0.0,20.46,0.0,7.519999999999999,1,0.0,10.750000000000012,0.0,13.450000000000008,0.0,16.70000000000001
2022-03-30,0.0,16.71,0.0,20.16,0.0,7.519999999999999,1,0.0,10.750000000000012,0.0,13.450000000000008,0.0,16.70000000000001
2022-03-31,0.0,16.71,0.0,21.62,0.0,7.519999999999999,0,0.0,10.750000000000012,0.0,13.450000000000008,0.0,16.70000000000001
2022-04-01,0.0,16.71,0.0,21.490000000000002,0.0,7.519999999999999,0,0.0,10.750000000000012,0.0,13.450000000000008,0.0,16.70000000000001
2022-04-06,0.3,17.01,0.3,22.220000000000002,0.3,7.8199999999999985,0,0.0,10.750000000000012,0.0,13.450000000000008,0.0,16.70000000000001
2022-04-07,0.0,17.01,0.0,22.500000000000004,0.0,7.8199999999999985,0,0.0,10.750000000000012,0.0,13.450000000000008,0.0,16.70000000000001
2022-04-08,-0.13,16.88,-0.13,21.660000000000004,-0.0,7.8199999999999985,1,-0.13,10.620000000000012,-0.0,13.450000000000008,-0.0,16.70000000000001
2022-04-11,0.35,17.23,0.58,21.400000000000002,0.0,7.8199999999999985,1,0.35,10.970000000000011,0.0,13.450000000000008,0.0,16.70000000000001
2022-04-12,0.95,18.18,0.95,19.89,0.0,7.8199999999999985,1,0.95,11.92000000000001,0.0,13.450000000000008,0.0,16.70000000000001
2022-04-13,0.0,18.18,0.0,20.12,0.0,7.8199999999999985,1,0.0,11.92000000000001,0.0,13.450000000000008,0.0,16.70000000000001
2022-04-14,0.0,18.18,0.0,19.45,0.0,7.8199999999999985,1,0.0,11.92000000000001,0.0,13.450000000000008,0.0,16.70000000000001
2022-04-15,0.0,18.18,0.0,20.05,0.0,7.8199999999999985,1,0.0,11.92000000000001,0.0,13.450000000000008,0.0,16.70000000000001
2022-04-18,0.37,18.55,0.47,19.830000000000002,0.0,7.8199999999999985,1,0.37,12.29000000000001,0.0,13.450000000000008,0.0,16.70000000000001
2022-04-19,0.7,19.25,0.87,20.69,0.0,7.8199999999999985,0,0.0,12.29000000000001,0.0,13.450000000000008,0.0,16.70000000000001
2022-04-20,0.3,19.55,0.3,21.6,0.3,8.12,0,0.0,12.29000000000001,0.3,13.750000000000009,0.0,16.70000000000001
2022-04-21,-0.39,19.16,-0.39,21.19,-0.0,8.12,0,-0.0,12.29000000000001,-0.0,13.750000000000009,-0.0,16.70000000000001
2022-04-22,0.37,19.53,0.37,19.78,0.0,8.12,1,0.37,12.660000000000009,0.0,13.750000000000009,0.0,16.70000000000001
2022-04-25,0.0,19.53,0.0,18.89,0.0,8.12,1,0.0,12.660000000000009,0.0,13.750000000000009,0.0,16.70000000000001
2022-04-26,1.5,21.03,1.5,15.88,0.0,8.12,1,1.5,14.160000000000009,0.0,13.750000000000009,0.0,16.70000000000001
2022-04-27,0.0,21.03,0.0,15.280000000000001,0.0,8.12,1,0.0,14.160000000000009,0.0,13.750000000000009,0.0,16.70000000000001
2022-04-28,0.0,21.03,0.0,16.96,0.0,8.12,1,0.0,14.160000000000009,0.0,13.750000000000009,0.0,16.70000000000001
2022-04-29,1.2,22.23,1.5,16.93,0.0,8.12,0,0.0,14.160000000000009,0.0,13.750000000000009,0.0,16.70000000000001
2022-05-05,0.0,22.23,0.0,19.08,0.0,8.12,0,0.0,14.160000000000009,0.0,13.750000000000009,0.0,16.70000000000001
2022-05-06,0.0,22.23,0.0,20.31,0.0,8.12,0,0.0,14.160000000000009,0.0,13.750000000000009,0.0,16.70000000000001
2022-05-09,0.73,22.96,0.73,19.88,0.73,8.85,0,0.0,14.160000000000009,0.0,13.750000000000009,0.0,16.70000000000001
2022-05-10,0.0,22.96,0.0,20.63,0.0,8.85,0,0.0,14.160000000000009,0.0,13.750000000000009,0.0,16.70000000000001
2022-05-11,0.0,22.96,0.0,21.31,0.0,8.85,0,0.0,14.160000000000009,0.0,13.750000000000009,0.0,16.70000000000001
2022-05-12,-0.07,22.89,-0.07,22.459999999999997,-0.07,8.78,0,-0.0,14.160000000000009,-0.07,13.680000000000009,-0.0,16.70000000000001
2022-05-13,-0.06,22.83,-0.06,22.669999999999998,-0.06,8.719999999999999,0,-0.0,14.160000000000009,-0.06,13.620000000000008,-0.0,16.70000000000001
2022-05-16,0.3,23.13,0.3,23.299999999999997,0.3,9.02,0,0.0,14.160000000000009,0.3,13.920000000000009,0.3,17.00000000000001
2022-05-17,0.3,23.43,0.3,23.97,0.3,9.32,0,0.0,14.160000000000009,0.3,14.22000000000001,0.3,17.30000000000001
2022-05-18,0.57,24.0,0.71,24.27,0.57,9.89,0,0.0,14.160000000000009,0.57,14.79000000000001,0.57,17.87000000000001
2022-05-19,-0.84,23.16,-0.84,24.53,-0.84,9.05,0,-0.0,14.160000000000009,-0.84,13.95000000000001,-0.84,17.030000000000012
2022-05-20,0.3,23.46,0.3,24.76,0.3,9.350000000000001,0,0.0,14.160000000000009,0.3,14.25000000000001,0.3,17.330000000000013
2022-05-23,0.3,23.76,0.3,25.17,0.3,9.650000000000002,0,0.0,14.160000000000009,0.3,14.550000000000011,0.3,17.630000000000013
2022-05-24,-0.3,23.46,-0.3,25.66,-0.3,9.350000000000001,0,-0.0,14.160000000000009,-0.3,14.25000000000001,-0.3,17.330000000000013
2022-05-25,1.3,24.76,1.3,23.6,1.3,10.650000000000002,1,1.3,15.46000000000001,1.3,15.550000000000011,1.3,18.630000000000013
2022-05-26,-0.02,24.74,-0.02,24.23,-0.02,10.630000000000003,1,-0.02,15.44000000000001,-0.02,15.530000000000012,-0.02,18.610000000000014
2022-05-27,-0.09,24.65,-0.14,24.44,-0.09,10.540000000000003,1,-0.09,15.35000000000001,-0.09,15.440000000000012,-0.09,18.520000000000014
2022-05-30,0.32,24.97,0.32,24.43,0.32,10.860000000000003,1,0.32,15.67000000000001,0.32,15.760000000000012,0.32,18.840000000000014
2022-05-31,0.0,24.97,0.0,24.56,0.0,10.860000000000003,0,0.0,15.67000000000001,0.0,15.760000000000012,0.0,18.840000000000014
2022-06-01,-0.05,24.92,-0.05,24.79,-0.05,10.810000000000002,0,-0.0,15.67000000000001,-0.05,15.710000000000012,-0.05,18.790000000000013
2022-06-02,0.0,24.92,0.0,25.18,0.0,10.810000000000002,0,0.0,15.67000000000001,0.0,15.710000000000012,0.0,18.790000000000013
2022-06-06,0.0,24.92,0.0,25.72,0.0,10.810000000000002,0,0.0,15.67000000000001,0.0,15.710000000000012,0.0,18.790000000000013
2022-06-07,0.0,24.92,0.0,26.89,0.0,10.810000000000002,0,0.0,15.67000000000001,0.0,15.710000000000012,0.0,18.790000000000013
2022-06-08,0.18,25.1,0.18,26.98,0.18,10.990000000000002,0,0.0,15.67000000000001,0.18,15.890000000000011,0.18,18.970000000000013
2022-06-09,0.1,25.2,0.1,27.19,0.1,11.090000000000002,0,0.0,15.67000000000001,0.1,15.99000000000001,0.1,19.070000000000014
2022-06-10,0.09,25.29,0.09,26.77,0.09,11.180000000000001,0,0.0,15.67000000000001,0.09,16.080000000000013,0.09,19.160000000000014
2022-06-13,0.0,25.29,0.0,27.61,0.0,11.180000000000001,0,0.0,15.67000000000001,0.0,16.080000000000013,0.0,19.160000000000014
2022-06-14,0.0,25.29,0.0,27.91,0.0,11.180000000000001,0,0.0,15.67000000000001,0.0,16.080000000000013,0.0,19.160000000000014
2022-06-15,0.0,25.29,0.0,27.64,0.0,11.180000000000001,0,0.0,15.67000000000001,0.0,16.080000000000013,0.0,19.160000000000014
2022-06-16,0.3,25.59,0.3,28.330000000000002,0.3,11.480000000000002,0,0.0,15.67000000000001,0.3,16.380000000000013,0.3,19.460000000000015
2022-06-17,-0.42,25.17,-0.42,29.060000000000002,-0.42,11.060000000000002,0,-0.0,15.67000000000001,-0.42,15.960000000000013,-0.42,19.040000000000013
2022-06-20,-0.84,24.33,-0.84,29.55,-0.84,10.220000000000002,0,-0.0,15.67000000000001,-0.84,15.120000000000013,-0.84,18.200000000000014
2022-06-21,0.6,24.93,0.6,28.43,0.6,10.820000000000002,1,0.6,16.27000000000001,0.6,15.720000000000013,0.6,18.800000000000015
2022-06-22,-0.11,24.82,-0.11,28.58,-0.11,10.710000000000003,1,-0.11,16.16000000000001,-0.11,15.610000000000014,-0.11,18.690000000000015
2022-06-23,0.0,24.82,0.0,28.72,0.0,10.710000000000003,1,0.0,16.16000000000001,0.0,15.610000000000014,0.0,18.690000000000015
2022-06-24,0.0,24.82,0.0,29.5,0.0,10.710000000000003,0,0.0,16.16000000000001,0.0,15.610000000000014,0.0,18.690000000000015
2022-06-27,0.0,24.82,0.0,30.23,0.0,10.710000000000003,0,0.0,16.16000000000001,0.0,15.610000000000014,0.0,18.690000000000015
2022-06-28,0.0,24.82,0.0,31.23,0.0,10.710000000000003,0,0.0,16.16000000000001,0.0,15.610000000000014,0.0,18.690000000000015
2022-06-29,0.3,25.12,0.3,32.01,0.3,11.010000000000003,0,0.0,16.16000000000001,0.3,15.910000000000014,0.3,18.990000000000016
2022-06-30,0.6,25.72,0.6,30.68,0.6,11.610000000000003,1,0.6,16.760000000000012,0.6,16.510000000000016,0.6,19.590000000000018
2022-07-01,0.04,25.76,0.04,31.33,0.04,11.650000000000002,0,0.0,16.760000000000012,0.04,16.550000000000015,0.04,19.630000000000017
2022-07-04,-0.08,25.68,-0.08,31.31,-0.08,11.570000000000002,1,-0.08,16.680000000000014,-0.08,16.470000000000017,-0.08,19.55000000000002
2022-07-05,0.0,25.68,0.0,31.98,0.0,11.570000000000002,0,0.0,16.680000000000014,0.0,16.470000000000017,0.0,19.55000000000002
2022-07-06,0.0,25.68,0.0,31.73,0.0,11.570000000000002,0,0.0,16.680000000000014,0.0,16.470000000000017,0.0,19.55000000000002
2022-07-07,0.3,25.98,0.3,31.0,0.3,11.870000000000003,1,0.3,16.980000000000015,0.3,16.770000000000017,0.3,19.85000000000002
2022-07-08,0.07,26.05,0.07,31.6,0.07,11.940000000000003,0,0.0,16.980000000000015,0.07,16.840000000000018,0.07,19.92000000000002
2022-07-11,0.0,26.05,0.0,31.310000000000002,0.0,11.940000000000003,1,0.0,16.980000000000015,0.0,16.840000000000018,0.0,19.92000000000002
2022-07-12,0.0,26.05,0.0,30.39,0.0,11.940000000000003,1,0.0,16.980000000000015,0.0,16.840000000000018,0.0,19.92000000000002
2022-07-13,0.3,26.35,0.3,29.26,0.0,11.940000000000003,1,0.3,17.280000000000015,0.3,17.14000000000002,0.3,20.22000000000002
2022-07-14,0.03,26.38,0.03,29.930000000000003,0.0,11.940000000000003,1,0.03,17.310000000000016,0.03,17.17000000000002,0.03,20.25000000000002
2022-07-15,-0.3,26.08,-0.3,30.580000000000002,-0.3,11.640000000000002,0,-0.0,17.310000000000016,-0.3,16.87000000000002,-0.3,19.95000000000002
2022-07-18,0.0,26.08,0.0,30.310000000000002,0.0,11.640000000000002,0,0.0,17.310000000000016,0.0,16.87000000000002,0.0,19.95000000000002
2022-07-19,0.0,26.08,0.0,31.490000000000002,0.0,11.640000000000002,0,0.0,17.310000000000016,0.0,16.87000000000002,0.0,19.95000000000002
2022-07-20,0.0,26.08,0.0,32.02,0.0,11.640000000000002,0,0.0,17.310000000000016,0.0,16.87000000000002,0.0,19.95000000000002
2022-07-21,0.0,26.08,0.0,32.720000000000006,0.0,11.640000000000002,0,0.0,17.310000000000016,0.0,16.87000000000002,0.0,19.95000000000002
2022-07-22,0.22,26.3,0.22,32.43000000000001,0.22,11.860000000000003,0,0.0,17.310000000000016,0.22,17.090000000000018,0.22,20.17000000000002
2022-07-25,-0.08,26.22,-0.08,32.10000000000001,-0.08,11.780000000000003,1,-0.08,17.230000000000018,-0.08,17.01000000000002,-0.08,20.09000000000002
2022-07-26,0.0,26.22,0.0,31.67000000000001,0.0,11.780000000000003,1,0.0,17.230000000000018,0.0,17.01000000000002,0.0,20.09000000000002
2022-07-27,0.0,26.22,0.0,32.400000000000006,0.0,11.780000000000003,0,0.0,17.230000000000018,0.0,17.01000000000002,0.0,20.09000000000002
2022-07-28,0.0,26.22,0.0,33.260000000000005,0.0,11.780000000000003,0,0.0,17.230000000000018,0.0,17.01000000000002,0.0,20.09000000000002
2022-07-29,0.3,26.52,0.3,33.980000000000004,0.3,12.080000000000004,0,0.0,17.230000000000018,0.3,17.31000000000002,0.3,20.390000000000022
2022-08-01,-0.01,26.51,-0.01,33.88,-0.01,12.070000000000004,0,-0.0,17.230000000000018,-0.01,17.30000000000002,-0.01,20.38000000000002
2022-08-02,0.0,26.51,0.0,34.53,0.0,12.070000000000004,0,0.0,17.230000000000018,0.0,17.30000000000002,0.0,20.38000000000002
2022-08-03,0.3,26.81,0.3,33.19,0.3,12.370000000000005,1,0.3,17.53000000000002,0.3,17.60000000000002,0.3,20.68000000000002
2022-08-04,0.9,27.71,1.5,32.839999999999996,0.9,13.270000000000005,1,0.9,18.430000000000017,0.9,18.500000000000018,0.9,21.58000000000002
2022-08-05,0.0,27.71,0.0,33.099999999999994,0.0,13.270000000000005,1,0.0,18.430000000000017,0.0,18.500000000000018,0.0,21.58000000000002
2022-08-08,0.3,28.01,0.3,33.28999999999999,0.3,13.570000000000006,1,0.3,18.730000000000018,0.3,18.80000000000002,0.3,21.88000000000002
2022-08-09,0.0,28.01,0.0,34.25999999999999,0.0,13.570000000000006,0,0.0,18.730000000000018,0.0,18.80000000000002,0.0,21.88000000000002
2022-08-10,-0.03,27.98,-0.03,34.47999999999999,-0.03,13.540000000000006,0,-0.0,18.730000000000018,-0.03,18.770000000000017,-0.03,21.85000000000002
2022-08-11,0.0,27.98,0.0,34.52999999999999,0.0,13.540000000000006,0,0.0,18.730000000000018,0.0,18.770000000000017,0.0,21.85000000000002
2022-08-12,0.3,28.28,0.3,35.05999999999999,0.3,13.840000000000007,0,0.0,18.730000000000018,0.3,19.070000000000018,0.3,22.15000000000002
2022-08-15,-0.29,27.99,-0.29,34.929999999999986,-0.29,13.550000000000008,0,-0.0,18.730000000000018,-0.29,18.78000000000002,-0.29,21.86000000000002
2022-08-16,0.0,27.99,0.0,35.41999999999999,0.0,13.550000000000008,0,0.0,18.730000000000018,0.0,18.78000000000002,0.0,21.86000000000002
2022-08-17,0.0,27.99,0.0,35.929999999999986,0.0,13.550000000000008,0,0.0,18.730000000000018,0.0,18.78000000000002,0.0,21.86000000000002
2022-08-18,0.0,27.99,0.0,36.009999999999984,0.0,13.550000000000008,0,0.0,18.730000000000018,0.0,18.78000000000002,0.0,21.86000000000002
2022-08-19,0.0,27.99,0.0,35.249999999999986,0.0,13.550000000000008,1,0.0,18.730000000000018,0.0,18.78000000000002,0.0,21.86000000000002
2022-08-22,0.0,27.99,0.0,33.80999999999999,0.0,13.550000000000008,1,0.0,18.730000000000018,0.0,18.78000000000002,0.0,21.86000000000002
2022-08-23,0.0,27.99,0.0,34.16999999999999,0.0,13.550000000000008,1,0.0,18.730000000000018,0.0,18.78000000000002,0.0,21.86000000000002
2022-08-24,0.0,27.99,0.0,34.41999999999999,0.0,13.550000000000008,1,0.0,18.730000000000018,0.0,18.78000000000002,0.0,21.86000000000002
2022-08-25,-0.12,27.87,-0.12,32.18999999999999,-0.0,13.550000000000008,1,-0.12,18.610000000000017,-0.0,18.78000000000002,-0.12,21.74000000000002
2022-08-26,0.0,27.87,0.0,30.96999999999999,0.0,13.550000000000008,1,0.0,18.610000000000017,0.0,18.78000000000002,0.0,21.74000000000002
2022-08-29,-0.42,27.45,-0.42,30.79999999999999,-0.0,13.550000000000008,1,-0.42,18.190000000000015,-0.0,18.78000000000002,-0.0,21.74000000000002
2022-08-30,0.0,27.45,0.0,30.61999999999999,0.0,13.550000000000008,1,0.0,18.190000000000015,0.0,18.78000000000002,0.0,21.74000000000002
2022-08-31,0.0,27.45,0.0,30.36999999999999,0.0,13.550000000000008,1,0.0,18.190000000000015,0.0,18.78000000000002,0.0,21.74000000000002
2022-09-01,0.0,27.45,0.0,28.41999999999999,0.0,13.550000000000008,1,0.0,18.190000000000015,0.0,18.78000000000002,0.0,21.74000000000002
2022-09-02,0.3,27.75,0.3,28.13999999999999,0.0,13.550000000000008,1,0.3,18.490000000000016,0.0,18.78000000000002,0.0,21.74000000000002
2022-09-05,0.0,27.75,0.0,29.00999999999999,0.0,13.550000000000008,1,0.0,18.490000000000016,0.0,18.78000000000002,0.0,21.74000000000002
2022-09-06,0.0,27.75,0.0,29.68999999999999,0.0,13.550000000000008,0,0.0,18.490000000000016,0.0,18.78000000000002,0.0,21.74000000000002
2022-09-07,0.0,27.75,0.0,30.86999999999999,0.0,13.550000000000008,0,0.0,18.490000000000016,0.0,18.78000000000002,0.0,21.74000000000002
2022-09-08,0.3,28.05,0.3,31.43999999999999,0.0,13.550000000000008,0,0.0,18.490000000000016,0.0,18.78000000000002,0.0,21.74000000000002
2022-09-09,0.0,28.05,0.0,30.70999999999999,0.0,13.550000000000008,0,0.0,18.490000000000016,0.0,18.78000000000002,0.0,21.74000000000002
2022-09-13,-0.0,28.05,-0.0,30.49999999999999,-0.0,13.550000000000008,1,-0.0,18.490000000000016,-0.0,18.78000000000002,-0.0,21.74000000000002
2022-09-14,0.0,28.05,0.0,30.68999999999999,0.0,13.550000000000008,1,0.0,18.490000000000016,0.0,18.78000000000002,0.0,21.74000000000002
2022-09-15,0.0,28.05,0.0,30.199999999999992,0.0,13.550000000000008,1,0.0,18.490000000000016,0.0,18.78000000000002,0.0,21.74000000000002
2022-09-16,-0.23,27.82,-0.23,28.789999999999992,-0.0,13.550000000000008,1,-0.23,18.260000000000016,-0.0,18.78000000000002,-0.0,21.74000000000002
2022-09-19,0.0,27.82,0.0,27.61999999999999,0.0,13.550000000000008,1,0.0,18.260000000000016,0.0,18.78000000000002,0.0,21.74000000000002
2022-09-20,0.3,28.12,0.3,27.16999999999999,0.0,13.550000000000008,1,0.3,18.560000000000016,0.0,18.78000000000002,0.0,21.74000000000002
