交易日,当日收益率,累计收益率,指数累计,控仓收益_5,控仓累计_5,控仓收益_20,仓位控制_20,控仓累计_20,控仓收益_30,控仓累计_30,控仓收益_60,控仓累计_60
2020-12-23,0.0,0.0,-0.24,0.0,0.0,0.0,1,0.0,0.0,0.0,0.0,0.0
2020-12-24,0.0,0.0,-0.36,0.0,0.0,0.0,1,0.0,0.0,0.0,0.0,0.0
2020-12-25,0.0,0.0,-1.88,0.0,0.0,0.0,0,0.0,0.0,0.0,0.0,0.0
2020-12-28,0.0,0.0,-1.2999999999999998,0.0,0.0,0.0,0,0.0,0.0,0.0,0.0,0.0
2020-12-29,0.0,0.0,-1.8099999999999998,0.0,0.0,0.0,0,0.0,0.0,0.0,0.0,0.0
2020-12-30,0.0,0.0,-1.8599999999999999,0.0,0.0,0.0,0,0.0,0.0,0.0,0.0,0.0
2020-12-31,0.0,0.0,-0.8999999999999999,0.0,0.0,0.0,1,0.0,0.0,0.0,0.0,0.0
2021-01-04,0.11,0.11,0.1100000000000001,0.11,0.11,0.11,1,0.11,0.0,0.0,0.0,0.0
2021-01-05,0.0,0.11,1.6800000000000002,0.0,0.11,0.0,1,0.11,0.0,0.0,0.0,0.0
2021-01-06,-0.08,0.03,2.39,-0.08,0.03,-0.08,1,0.03,-0.08,-0.08,-0.08,-0.08
2021-01-07,-0.24,-0.21,2.04,-0.24,-0.21,-0.24,1,-0.21,-0.24,-0.32,-0.24,-0.32
2021-01-08,0.68,0.47,1.12,0.68,0.4700000000000001,0.0,0,-0.21,0.68,0.36000000000000004,0.68,0.36000000000000004
2021-01-11,-0.66,-0.19,0.6000000000000001,-0.66,-0.18999999999999995,-0.0,0,-0.21,-0.66,-0.3,-0.0,0.36000000000000004
2021-01-12,0.65,0.46,-0.019999999999999907,0.65,0.4600000000000001,0.0,0,-0.21,0.0,-0.3,0.0,0.36000000000000004
2021-01-13,0.44,0.9,0.3800000000000001,0.44,0.9000000000000001,0.0,0,-0.21,0.44,0.14,0.0,0.36000000000000004
2021-01-14,0.18,1.08,-0.6699999999999999,0.0,0.9000000000000001,0.0,0,-0.21,0.0,0.14,0.0,0.36000000000000004
2021-01-15,0.09,1.17,-0.36999999999999994,0.0,0.9000000000000001,0.0,0,-0.21,0.0,0.14,0.0,0.36000000000000004
2021-01-18,0.56,1.73,0.15000000000000008,0.56,1.4600000000000002,0.56,1,0.3500000000000001,0.56,0.7000000000000001,0.0,0.36000000000000004
2021-01-19,0.0,1.73,1.06,0.0,1.4600000000000002,0.0,1,0.3500000000000001,0.0,0.7000000000000001,0.0,0.36000000000000004
2021-01-20,1.21,2.94,1.05,1.21,2.67,1.21,1,1.56,1.21,1.9100000000000001,1.21,1.57
2021-01-21,0.57,3.51,1.23,0.57,3.2399999999999998,0.57,1,2.13,0.57,2.48,0.57,2.14
2021-01-22,-0.76,2.75,1.7,-0.76,2.4799999999999995,-0.76,1,1.3699999999999999,-0.76,1.72,-0.76,1.3800000000000001
2021-01-25,0.01,2.76,1.43,0.01,2.4899999999999993,0.01,1,1.38,0.01,1.73,0.01,1.3900000000000001
2021-01-26,0.06,2.82,1.0499999999999998,0.06,2.5499999999999994,0.0,0,1.38,0.06,1.79,0.06,1.4500000000000002
2021-01-27,-0.01,2.81,0.1399999999999998,-0.0,2.5499999999999994,-0.0,0,1.38,-0.01,1.78,-0.0,1.4500000000000002
2021-01-28,-0.65,2.16,-1.0,-0.0,2.5499999999999994,-0.0,0,1.38,-0.0,1.78,-0.0,1.4500000000000002
2021-01-29,0.06,2.22,-2.26,0.0,2.5499999999999994,0.0,0,1.38,0.0,1.78,0.0,1.4500000000000002
2021-02-01,-0.12,2.1,-4.4,-0.0,2.5499999999999994,-0.0,0,1.38,-0.0,1.78,-0.0,1.4500000000000002
2021-02-02,-0.12,1.98,-4.19,-0.0,2.5499999999999994,-0.0,0,1.38,-0.0,1.78,-0.0,1.4500000000000002
2021-02-03,0.12,2.1,-3.9300000000000006,0.0,2.5499999999999994,0.0,0,1.38,0.0,1.78,0.0,1.4500000000000002
2021-02-04,0.48,2.58,-4.680000000000001,0.0,2.5499999999999994,0.0,0,1.38,0.0,1.78,0.0,1.4500000000000002
2021-02-05,0.36,2.94,-6.460000000000001,0.0,2.5499999999999994,0.0,0,1.38,0.0,1.78,0.0,1.4500000000000002
2021-02-08,-0.22,2.72,-8.07,-0.0,2.5499999999999994,-0.0,0,1.38,-0.0,1.78,-0.0,1.4500000000000002
2021-02-09,0.9,3.62,-7.98,0.0,2.5499999999999994,0.0,0,1.38,0.0,1.78,0.0,1.4500000000000002
2021-02-10,0.0,3.62,-6.12,0.0,2.5499999999999994,0.0,1,1.38,0.0,1.78,0.0,1.4500000000000002
2021-02-18,0.0,3.62,-5.36,0.0,2.5499999999999994,0.0,1,1.38,0.0,1.78,0.0,1.4500000000000002
2021-02-19,-0.12,3.5,-3.99,-0.0,2.5499999999999994,-0.12,1,1.2599999999999998,-0.0,1.78,-0.0,1.4500000000000002
2021-02-22,0.0,3.5,-2.4800000000000004,0.0,2.5499999999999994,0.0,1,1.2599999999999998,0.0,1.78,0.0,1.4500000000000002
2021-02-23,0.0,3.5,-1.2600000000000005,0.0,2.5499999999999994,0.0,1,1.2599999999999998,0.0,1.78,0.0,1.4500000000000002
2021-02-24,-0.96,2.54,-1.9600000000000004,-0.96,1.5899999999999994,-0.96,1,0.2999999999999998,-0.0,1.78,-0.0,1.4500000000000002
2021-02-25,-0.82,1.72,-2.7300000000000004,-0.82,0.7699999999999995,-0.0,0,0.2999999999999998,-0.0,1.78,-0.0,1.4500000000000002
2021-02-26,1.03,2.75,-3.3600000000000003,0.0,0.7699999999999995,0.0,0,0.2999999999999998,0.0,1.78,0.0,1.4500000000000002
2021-03-01,1.12,3.87,-3.6100000000000003,0.0,0.7699999999999995,0.0,0,0.2999999999999998,0.0,1.78,0.0,1.4500000000000002
2021-03-02,0.0,3.87,-2.3900000000000006,0.0,0.7699999999999995,0.0,1,0.2999999999999998,0.0,1.78,0.0,1.4500000000000002
2021-03-03,0.6,4.47,-2.4200000000000004,0.6,1.3699999999999994,0.6,1,0.8999999999999998,0.0,1.78,0.0,1.4500000000000002
2021-03-04,0.3,4.77,-1.4600000000000004,0.3,1.6699999999999995,0.3,1,1.1999999999999997,0.3,2.08,0.0,1.4500000000000002
2021-03-05,0.35,5.12,-2.1700000000000004,0.35,2.0199999999999996,0.35,1,1.5499999999999998,0.35,2.43,0.0,1.4500000000000002
2021-03-08,-0.66,4.46,-1.8400000000000003,-0.66,1.3599999999999994,-0.66,1,0.8899999999999998,-0.66,1.77,-0.0,1.4500000000000002
2021-03-09,1.22,5.68,-2.3600000000000003,1.22,2.579999999999999,0.0,0,0.8899999999999998,1.22,2.99,0.0,1.4500000000000002
2021-03-10,1.06,6.74,-2.8400000000000003,1.06,3.6399999999999992,0.0,0,0.8899999999999998,0.0,2.99,0.0,1.4500000000000002
2021-03-11,0.38,7.12,-1.8800000000000003,0.38,4.02,0.38,1,1.2699999999999998,0.38,3.37,0.0,1.4500000000000002
2021-03-12,0.0,7.12,-1.0800000000000003,0.0,4.02,0.0,1,1.2699999999999998,0.0,3.37,0.0,1.4500000000000002
2021-03-15,-0.02,7.1,-0.7700000000000002,-0.02,3.9999999999999996,-0.02,1,1.2499999999999998,-0.02,3.35,-0.02,1.4300000000000002
2021-03-16,0.78,7.88,-0.5300000000000002,0.78,4.779999999999999,0.78,1,2.03,0.78,4.13,0.78,2.21
2021-03-17,0.18,8.06,-0.23000000000000026,0.18,4.959999999999999,0.18,1,2.21,0.18,4.31,0.18,2.39
2021-03-18,0.68,8.74,0.02999999999999975,0.68,5.639999999999999,0.68,1,2.89,0.68,4.989999999999999,0.68,3.0700000000000003
2021-03-19,0.49,9.23,-0.020000000000000254,0.49,6.129999999999999,0.49,1,3.38,0.49,5.4799999999999995,0.49,3.5600000000000005
2021-03-22,1.39,10.62,-0.2500000000000003,1.39,7.519999999999999,0.0,0,3.38,1.39,6.869999999999999,1.39,4.95
2021-03-23,0.0,10.62,0.6499999999999997,0.0,7.519999999999999,0.0,1,3.38,0.0,6.869999999999999,0.0,4.95
2021-03-24,-0.53,10.09,0.09999999999999964,-0.53,6.989999999999998,-0.0,0,3.38,-0.53,6.339999999999999,-0.53,4.42
2021-03-25,-0.73,9.36,-0.9400000000000004,-0.73,6.259999999999998,-0.0,0,3.38,-0.73,5.609999999999999,-0.73,3.69
2021-03-26,1.12,10.48,-1.2500000000000004,0.0,6.259999999999998,0.0,0,3.38,1.12,6.7299999999999995,1.12,4.8100000000000005
2021-03-29,0.0,10.48,-0.5400000000000005,0.0,6.259999999999998,0.0,0,3.38,0.0,6.7299999999999995,0.0,4.8100000000000005
2021-03-30,-1.92,8.56,-0.20000000000000046,-1.92,4.339999999999998,-1.92,1,1.46,-1.92,4.81,-1.92,2.8900000000000006
2021-03-31,-0.3,8.26,-0.49000000000000044,-0.3,4.039999999999998,-0.3,1,1.16,-0.3,4.51,-0.3,2.5900000000000007
2021-04-01,1.25,9.51,-0.6900000000000004,1.25,5.289999999999998,0.0,0,1.16,1.25,5.76,1.25,3.8400000000000007
2021-04-02,1.25,10.76,-0.5600000000000004,1.25,6.539999999999998,0.0,0,1.16,1.25,7.01,1.25,5.090000000000001
2021-04-06,0.59,11.35,-0.4500000000000004,0.59,7.129999999999998,0.59,1,1.75,0.59,7.6,0.59,5.680000000000001
2021-04-07,0.26,11.61,-0.09000000000000041,0.26,7.389999999999998,0.26,1,2.01,0.26,7.859999999999999,0.26,5.94
2021-04-08,-0.02,11.59,-0.010000000000000411,-0.02,7.369999999999998,-0.02,1,1.9899999999999998,-0.02,7.84,-0.02,5.920000000000001
2021-04-09,0.42,12.01,0.12999999999999962,0.42,7.789999999999998,0.42,1,2.4099999999999997,0.42,8.26,0.42,6.340000000000001
2021-04-12,0.6,12.61,0.1499999999999996,0.6,8.389999999999999,0.6,1,3.01,0.6,8.86,0.6,6.94
2021-04-13,0.6,13.21,-0.6400000000000005,0.0,8.389999999999999,0.0,0,3.01,0.6,9.459999999999999,0.6,7.54
2021-04-14,0.25,13.46,-0.7500000000000004,0.0,8.389999999999999,0.0,0,3.01,0.25,9.709999999999999,0.25,7.79
2021-04-15,0.0,13.46,-0.32000000000000045,0.0,8.389999999999999,0.0,0,3.01,0.0,9.709999999999999,0.0,7.79
2021-04-16,0.71,14.17,-0.6200000000000004,0.0,8.389999999999999,0.0,0,3.01,0.71,10.419999999999998,0.71,8.5
2021-04-19,-0.25,13.92,-0.0800000000000004,-0.25,8.139999999999999,-0.25,1,2.76,-0.25,10.169999999999998,-0.25,8.25
2021-04-20,0.6,14.52,1.2499999999999996,0.6,8.739999999999998,0.6,1,3.36,0.6,10.769999999999998,0.6,8.85
2021-04-21,-0.01,14.51,1.4999999999999996,-0.01,8.729999999999999,-0.01,1,3.35,-0.01,10.759999999999998,-0.01,8.84
2021-04-22,-0.43,14.08,1.3199999999999996,-0.43,8.299999999999999,-0.43,1,2.92,-0.43,10.329999999999998,-0.43,8.41
2021-04-23,-0.46,13.62,1.4699999999999995,-0.46,7.839999999999999,-0.46,1,2.46,-0.46,9.869999999999997,-0.46,7.95
2021-04-26,0.58,14.2,1.2899999999999996,0.58,8.419999999999998,0.0,0,2.46,0.58,10.449999999999998,0.58,8.53
2021-04-27,0.7,14.9,1.2199999999999995,0.7,9.119999999999997,0.0,0,2.46,0.7,11.149999999999997,0.7,9.229999999999999
2021-04-28,0.13,15.03,1.0099999999999996,0.13,9.249999999999998,0.0,0,2.46,0.13,11.279999999999998,0.13,9.36
2021-04-29,-0.01,15.02,1.2699999999999996,-0.01,9.239999999999998,-0.01,1,2.45,-0.01,11.269999999999998,-0.01,9.35
2021-04-30,0.18,15.2,1.3999999999999995,0.18,9.419999999999998,0.18,1,2.6300000000000003,0.18,11.449999999999998,0.18,9.53
2021-05-06,0.5,15.7,1.2799999999999994,0.5,9.919999999999998,0.5,1,3.1300000000000003,0.5,11.949999999999998,0.5,10.03
2021-05-07,-0.54,15.16,1.9299999999999993,-0.54,9.379999999999999,-0.54,1,2.5900000000000003,-0.54,11.409999999999997,-0.54,9.489999999999998
2021-05-10,0.49,15.65,1.9999999999999993,0.49,9.87,0.49,1,3.08,0.49,11.899999999999997,0.49,9.979999999999999
2021-05-11,-0.42,15.23,3.499999999999999,-0.42,9.45,-0.42,1,2.66,-0.42,11.479999999999997,-0.42,9.559999999999999
2021-05-12,0.11,15.34,4.099999999999999,0.11,9.559999999999999,0.11,1,2.77,0.11,11.589999999999996,0.11,9.669999999999998
2021-05-13,-0.86,14.48,4.2799999999999985,-0.86,8.7,-0.86,1,1.9100000000000001,-0.86,10.729999999999997,-0.86,8.809999999999999
2021-05-14,0.96,15.44,3.9499999999999984,0.96,9.66,0.96,1,2.87,0.96,11.689999999999998,0.96,9.77
2021-05-17,-0.38,15.06,4.329999999999998,-0.38,9.28,-0.38,1,2.49,-0.38,11.309999999999997,-0.38,9.389999999999999
2021-05-18,0.78,15.84,4.009999999999998,0.78,10.059999999999999,0.0,0,2.49,0.78,12.089999999999996,0.78,10.169999999999998
2021-05-19,0.6,16.44,4.489999999999998,0.6,10.659999999999998,0.6,1,3.0900000000000003,0.6,12.689999999999996,0.6,10.769999999999998
2021-05-20,-0.52,15.92,4.659999999999998,-0.52,10.139999999999999,-0.52,1,2.5700000000000003,-0.52,12.169999999999996,-0.52,10.249999999999998
2021-05-21,1.39,17.31,4.369999999999998,1.39,11.53,0.0,0,2.5700000000000003,1.39,13.559999999999997,1.39,11.639999999999999
2021-05-24,1.5,18.81,4.629999999999998,1.5,13.03,1.5,1,4.07,1.5,15.059999999999997,1.5,13.139999999999999
2021-05-25,0.9,19.71,5.0699999999999985,0.9,13.93,0.9,1,4.970000000000001,0.9,15.959999999999997,0.9,14.04
2021-05-26,-0.01,19.7,5.399999999999999,-0.01,13.92,-0.01,1,4.960000000000001,-0.01,15.949999999999998,-0.01,14.03
2021-05-27,0.6,20.3,5.869999999999998,0.6,14.52,0.6,1,5.5600000000000005,0.6,16.549999999999997,0.6,14.629999999999999
2021-05-28,-0.06,20.24,6.369999999999998,-0.06,14.459999999999999,-0.06,1,5.500000000000001,-0.06,16.49,-0.06,14.569999999999999
2021-05-31,0.09,20.33,6.249999999999998,0.09,14.549999999999999,0.09,1,5.590000000000001,0.09,16.58,0.09,14.659999999999998
2021-06-01,0.17,20.5,6.809999999999999,0.17,14.719999999999999,0.17,1,5.760000000000001,0.17,16.75,0.17,14.829999999999998
2021-06-02,0.68,21.18,6.979999999999999,0.68,15.399999999999999,0.68,1,6.44,0.68,17.43,0.68,15.509999999999998
2021-06-03,0.48,21.66,6.659999999999998,0.48,15.879999999999999,0.48,1,6.92,0.48,17.91,0.48,15.989999999999998
2021-06-04,0.07,21.73,6.739999999999998,0.07,15.95,0.07,1,6.99,0.07,17.98,0.07,16.06
2021-06-07,-0.48,21.25,6.7799999999999985,-0.48,15.469999999999999,-0.0,0,6.99,-0.48,17.5,-0.48,15.579999999999998
2021-06-08,0.36,21.61,6.869999999999998,0.36,15.829999999999998,0.36,1,7.3500000000000005,0.36,17.86,0.36,15.939999999999998
2021-06-09,0.1,21.71,6.719999999999998,0.1,15.929999999999998,0.0,0,7.3500000000000005,0.1,17.96,0.1,16.04
2021-06-10,0.6,22.31,6.709999999999998,0.6,16.529999999999998,0.0,0,7.3500000000000005,0.6,18.560000000000002,0.6,16.64
2021-06-11,0.1,22.41,7.199999999999998,0.1,16.63,0.1,1,7.45,0.1,18.660000000000004,0.1,16.740000000000002
2021-06-15,0.48,22.89,7.139999999999999,0.48,17.11,0.48,1,7.93,0.48,19.140000000000004,0.48,17.220000000000002
2021-06-16,0.06,22.95,6.419999999999999,0.06,17.169999999999998,0.0,0,7.93,0.06,19.200000000000003,0.06,17.28
2021-06-17,0.63,23.58,5.27,0.0,17.169999999999998,0.0,0,7.93,0.63,19.830000000000002,0.63,17.91
2021-06-18,0.3,23.88,5.1899999999999995,0.0,17.169999999999998,0.0,0,7.93,0.0,19.830000000000002,0.3,18.21
2021-06-21,0.43,24.31,5.63,0.0,17.169999999999998,0.0,0,7.93,0.43,20.26,0.43,18.64
2021-06-22,0.3,24.61,6.4399999999999995,0.3,17.47,0.3,1,8.23,0.3,20.560000000000002,0.3,18.94
2021-06-23,0.43,25.04,7.18,0.43,17.9,0.43,1,8.66,0.43,20.990000000000002,0.43,19.37
2021-06-24,0.0,25.04,7.88,0.0,17.9,0.0,1,8.66,0.0,20.990000000000002,0.0,19.37
2021-06-25,0.59,25.63,8.04,0.59,18.49,0.59,1,9.25,0.59,21.580000000000002,0.59,19.96
2021-06-28,-0.15,25.48,8.29,-0.15,18.34,-0.15,1,9.1,-0.15,21.430000000000003,-0.15,19.810000000000002
2021-06-29,-1.41,24.07,8.809999999999999,-1.41,16.93,-1.41,1,7.6899999999999995,-1.41,20.020000000000003,-1.41,18.400000000000002
2021-06-30,1.16,25.23,8.36,1.16,18.09,1.16,1,8.85,1.16,21.180000000000003,1.16,19.560000000000002
2021-07-01,0.3,25.53,8.479999999999999,0.3,18.39,0.3,1,9.15,0.3,21.480000000000004,0.3,19.860000000000003
2021-07-02,-0.66,24.87,8.059999999999999,-0.66,17.73,-0.0,0,9.15,-0.66,20.820000000000004,-0.66,19.200000000000003
2021-07-05,0.71,25.58,7.709999999999999,0.71,18.44,0.0,0,9.15,0.71,21.530000000000005,0.71,19.910000000000004
2021-07-06,0.29,25.87,8.319999999999999,0.29,18.73,0.29,1,9.44,0.29,21.820000000000004,0.29,20.200000000000003
2021-07-07,0.6,26.47,8.389999999999999,0.6,19.330000000000002,0.6,1,10.04,0.6,22.420000000000005,0.6,20.800000000000004
2021-07-08,-0.55,25.92,9.459999999999999,-0.55,18.78,-0.55,1,9.489999999999998,-0.55,21.870000000000005,-0.55,20.250000000000004
2021-07-09,0.0,25.92,9.84,0.0,18.78,0.0,1,9.489999999999998,0.0,21.870000000000005,0.0,20.250000000000004
2021-07-12,0.1,26.02,10.45,0.1,18.880000000000003,0.1,1,9.589999999999998,0.1,21.970000000000006,0.1,20.350000000000005
2021-07-13,0.0,26.02,11.729999999999999,0.0,18.880000000000003,0.0,1,9.589999999999998,0.0,21.970000000000006,0.0,20.350000000000005
2021-07-14,0.0,26.02,12.749999999999998,0.0,18.880000000000003,0.0,1,9.589999999999998,0.0,21.970000000000006,0.0,20.350000000000005
2021-07-15,-0.41,25.61,12.789999999999997,-0.41,18.470000000000002,-0.41,1,9.179999999999998,-0.41,21.560000000000006,-0.41,19.940000000000005
2021-07-16,-0.01,25.6,12.369999999999997,-0.01,18.46,-0.01,1,9.169999999999998,-0.01,21.550000000000004,-0.01,19.930000000000003
2021-07-19,-0.09,25.51,12.499999999999998,-0.09,18.37,-0.09,1,9.079999999999998,-0.09,21.460000000000004,-0.09,19.840000000000003
2021-07-20,-0.89,24.62,12.319999999999999,-0.89,17.48,-0.0,0,9.079999999999998,-0.89,20.570000000000004,-0.89,18.950000000000003
2021-07-21,1.15,25.77,12.359999999999998,1.15,18.63,0.0,0,9.079999999999998,1.15,21.720000000000002,1.15,20.1
2021-07-22,0.0,25.77,13.769999999999998,0.0,18.63,0.0,1,9.079999999999998,0.0,21.720000000000002,0.0,20.1
2021-07-23,0.0,25.77,14.559999999999999,0.0,18.63,0.0,1,9.079999999999998,0.0,21.720000000000002,0.0,20.1
2021-07-26,-0.47,25.3,14.459999999999999,-0.47,18.16,-0.47,1,8.609999999999998,-0.47,21.250000000000004,-0.47,19.630000000000003
2021-07-27,0.78,26.08,13.809999999999999,0.78,18.94,0.78,1,9.389999999999997,0.78,22.030000000000005,0.78,20.410000000000004
2021-07-28,-1.72,24.36,12.579999999999998,-1.72,17.220000000000002,-0.0,0,9.389999999999997,-1.72,20.310000000000006,-1.72,18.690000000000005
2021-07-29,1.5,25.86,11.409999999999998,0.0,17.220000000000002,0.0,0,9.389999999999997,1.5,21.810000000000006,1.5,20.190000000000005
2021-07-30,0.3,26.16,13.469999999999999,0.3,17.520000000000003,0.3,1,9.689999999999998,0.3,22.110000000000007,0.3,20.490000000000006
2021-08-02,0.3,26.46,14.139999999999999,0.3,17.820000000000004,0.3,1,9.989999999999998,0.3,22.410000000000007,0.3,20.790000000000006
2021-08-03,-0.42,26.04,15.509999999999998,-0.42,17.400000000000002,-0.42,1,9.569999999999999,-0.42,21.990000000000006,-0.42,20.370000000000005
2021-08-04,1.38,27.42,14.989999999999998,1.38,18.78,1.38,1,10.95,1.38,23.370000000000005,1.38,21.750000000000004
2021-08-05,0.0,27.42,16.34,0.0,18.78,0.0,1,10.95,0.0,23.370000000000005,0.0,21.750000000000004
2021-08-06,0.27,27.69,16.11,0.27,19.05,0.27,1,11.219999999999999,0.27,23.640000000000004,0.27,22.020000000000003
2021-08-09,0.3,27.99,16.5,0.3,19.35,0.3,1,11.52,0.3,23.940000000000005,0.3,22.320000000000004
2021-08-10,0.86,28.85,16.52,0.86,20.21,0.86,1,12.379999999999999,0.86,24.800000000000004,0.86,23.180000000000003
2021-08-11,0.43,29.28,16.83,0.43,20.64,0.43,1,12.809999999999999,0.43,25.230000000000004,0.43,23.610000000000003
2021-08-12,-0.3,28.98,17.509999999999998,-0.3,20.34,-0.3,1,12.509999999999998,-0.3,24.930000000000003,-0.3,23.310000000000002
2021-08-13,0.65,29.63,17.919999999999998,0.65,20.99,0.65,1,13.159999999999998,0.65,25.580000000000002,0.65,23.96
2021-08-16,-0.81,28.82,18.139999999999997,-0.81,20.18,-0.81,1,12.349999999999998,-0.81,24.770000000000003,-0.81,23.150000000000002
2021-08-17,-2.1,26.72,18.08,-2.1,18.08,-2.1,1,10.249999999999998,-2.1,22.67,-2.1,21.05
2021-08-18,0.58,27.3,16.54,0.58,18.659999999999997,0.0,0,10.249999999999998,0.58,23.25,0.58,21.63
2021-08-19,-0.16,27.14,16.77,-0.16,18.499999999999996,-0.0,0,10.249999999999998,-0.16,23.09,-0.16,21.47
2021-08-20,0.04,27.18,16.86,0.04,18.539999999999996,0.0,0,10.249999999999998,0.04,23.13,0.04,21.509999999999998
2021-08-23,1.02,28.2,16.54,1.02,19.559999999999995,0.0,0,10.249999999999998,1.02,24.15,1.02,22.529999999999998
2021-08-24,0.0,28.2,18.07,0.0,19.559999999999995,0.0,1,10.249999999999998,0.0,24.15,0.0,22.529999999999998
2021-08-25,0.15,28.35,18.77,0.15,19.709999999999994,0.15,1,10.399999999999999,0.15,24.299999999999997,0.15,22.679999999999996
2021-08-26,0.0,28.35,19.52,0.0,19.709999999999994,0.0,1,10.399999999999999,0.0,24.299999999999997,0.0,22.679999999999996
2021-08-27,0.72,29.07,19.44,0.72,20.429999999999993,0.72,1,11.12,0.72,25.019999999999996,0.72,23.399999999999995
2021-08-30,0.9,29.97,19.64,0.9,21.32999999999999,0.9,1,12.02,0.9,25.919999999999995,0.9,24.299999999999994
2021-08-31,0.0,29.97,20.38,0.0,21.32999999999999,0.0,1,12.02,0.0,25.919999999999995,0.0,24.299999999999994
2021-09-01,0.17,30.14,20.29,0.17,21.499999999999993,0.17,1,12.19,0.17,26.089999999999996,0.17,24.469999999999995
2021-09-02,0.54,30.68,19.95,0.54,22.039999999999992,0.54,1,12.73,0.54,26.629999999999995,0.54,25.009999999999994
2021-09-03,0.0,30.68,21.43,0.0,22.039999999999992,0.0,1,12.73,0.0,26.629999999999995,0.0,25.009999999999994
2021-09-06,0.6,31.28,21.39,0.6,22.639999999999993,0.6,1,13.33,0.6,27.229999999999997,0.6,25.609999999999996
2021-09-07,0.0,31.28,22.1,0.0,22.639999999999993,0.0,1,13.33,0.0,27.229999999999997,0.0,25.609999999999996
2021-09-08,0.0,31.28,23.270000000000003,0.0,22.639999999999993,0.0,1,13.33,0.0,27.229999999999997,0.0,25.609999999999996
2021-09-09,0.6,31.88,23.690000000000005,0.6,23.239999999999995,0.6,1,13.93,0.6,27.83,0.6,26.209999999999997
2021-09-10,-1.27,30.61,23.590000000000003,-1.27,21.969999999999995,-1.27,1,12.66,-1.27,26.56,-1.27,24.939999999999998
2021-09-13,1.5,32.11,23.290000000000003,1.5,23.469999999999995,1.5,1,14.16,1.5,28.06,1.5,26.439999999999998
2021-09-14,0.18,32.29,23.710000000000004,0.18,23.649999999999995,0.18,1,14.34,0.18,28.24,0.18,26.619999999999997
2021-09-15,-0.15,32.14,23.100000000000005,-0.15,23.499999999999996,-0.0,0,14.34,-0.15,28.09,-0.15,26.47
2021-09-16,-0.24,31.9,23.160000000000004,-0.24,23.259999999999998,-0.0,0,14.34,-0.24,27.85,-0.24,26.23
2021-09-17,-0.24,31.66,21.180000000000003,-0.0,23.259999999999998,-0.0,0,14.34,-0.24,27.610000000000003,-0.24,25.990000000000002
2021-09-22,0.72,32.38,20.650000000000002,0.0,23.259999999999998,0.0,0,14.34,0.72,28.330000000000002,0.72,26.71
2021-09-23,1.29,33.67,21.070000000000004,0.0,23.259999999999998,0.0,0,14.34,1.29,29.62,1.29,28.0
2021-09-24,-0.42,33.25,21.820000000000004,-0.42,22.839999999999996,-0.42,1,13.92,-0.42,29.2,-0.42,27.58
2021-09-27,-0.33,32.92,21.100000000000005,-0.0,22.839999999999996,-0.0,0,13.92,-0.33,28.87,-0.33,27.25
2021-09-28,0.72,33.64,18.880000000000006,0.0,22.839999999999996,0.0,0,13.92,0.0,28.87,0.72,27.97
2021-09-29,0.41,34.05,19.220000000000006,0.0,22.839999999999996,0.0,0,13.92,0.0,28.87,0.41,28.38
2021-09-30,1.07,35.12,17.420000000000005,0.0,22.839999999999996,0.0,0,13.92,0.0,28.87,1.07,29.45
2021-10-08,0.0,35.12,18.990000000000006,0.0,22.839999999999996,0.0,0,13.92,0.0,28.87,0.0,29.45
2021-10-11,0.32,35.44,19.430000000000007,0.0,22.839999999999996,0.32,1,14.24,0.0,28.87,0.32,29.77
2021-10-12,-1.38,34.06,19.270000000000007,-0.0,22.839999999999996,-1.38,1,12.86,-0.0,28.87,-1.38,28.39
2021-10-13,0.19,34.25,17.60000000000001,0.0,22.839999999999996,0.0,0,12.86,0.0,28.87,0.0,28.39
2021-10-14,0.55,34.8,17.390000000000008,0.0,22.839999999999996,0.0,0,12.86,0.0,28.87,0.0,28.39
2021-10-15,1.5,36.3,18.03000000000001,0.0,22.839999999999996,0.0,0,12.86,0.0,28.87,0.0,28.39
2021-10-18,0.74,37.04,18.29000000000001,0.0,22.839999999999996,0.74,1,13.6,0.0,28.87,0.74,29.13
2021-10-19,0.3,37.34,19.04000000000001,0.0,22.839999999999996,0.3,1,13.9,0.0,28.87,0.3,29.43
2021-10-20,0.23,37.57,19.86000000000001,0.0,22.839999999999996,0.23,1,14.13,0.0,28.87,0.23,29.66
2021-10-21,0.0,37.57,20.13000000000001,0.0,22.839999999999996,0.0,1,14.13,0.0,28.87,0.0,29.66
2021-10-22,0.29,37.86,20.09000000000001,0.29,23.129999999999995,0.29,1,14.42,0.0,28.87,0.29,29.95
2021-10-25,1.5,39.36,19.62000000000001,1.5,24.629999999999995,0.0,0,14.42,0.0,28.87,1.5,31.45
2021-10-26,-0.26,39.1,20.380000000000013,-0.26,24.369999999999994,-0.26,1,14.16,-0.0,28.87,-0.26,31.189999999999998
2021-10-27,-0.26,38.84,20.770000000000014,-0.26,24.109999999999992,-0.26,1,13.9,-0.26,28.61,-0.26,30.929999999999996
2021-10-28,0.01,38.85,20.400000000000013,0.01,24.119999999999994,0.01,1,13.91,0.0,28.61,0.01,30.939999999999998
2021-10-29,0.25,39.1,19.580000000000013,0.25,24.369999999999994,0.0,0,13.91,0.0,28.61,0.25,31.189999999999998
2021-11-01,0.01,39.11,20.14000000000001,0.01,24.379999999999995,0.0,0,13.91,0.0,28.61,0.01,31.2
2021-11-02,0.0,39.11,21.31000000000001,0.0,24.379999999999995,0.0,1,13.91,0.0,28.61,0.0,31.2
2021-11-03,0.03,39.14,20.91000000000001,0.03,24.409999999999997,0.03,1,13.94,0.03,28.64,0.03,31.23
2021-11-04,0.9,40.04,21.18000000000001,0.9,25.309999999999995,0.9,1,14.84,0.9,29.54,0.9,32.13
2021-11-05,-0.14,39.9,22.50000000000001,-0.14,25.169999999999995,-0.14,1,14.7,-0.14,29.4,-0.14,31.990000000000002
2021-11-08,0.57,40.47,21.99000000000001,0.57,25.739999999999995,0.57,1,15.27,0.57,29.97,0.57,32.56
2021-11-09,1.5,41.97,22.620000000000008,1.5,27.239999999999995,1.5,1,16.77,1.5,31.47,1.5,34.06
2021-11-10,-0.02,41.95,23.520000000000007,-0.02,27.219999999999995,-0.02,1,16.75,-0.02,31.45,-0.02,34.04
2021-11-11,0.6,42.55,23.810000000000006,0.6,27.819999999999997,0.6,1,17.35,0.6,32.05,0.6,34.64
2021-11-12,0.0,42.55,24.820000000000007,0.0,27.819999999999997,0.0,1,17.35,0.0,32.05,0.0,34.64
2021-11-15,0.0,42.55,25.700000000000006,0.0,27.819999999999997,0.0,1,17.35,0.0,32.05,0.0,34.64
2021-11-16,-0.42,42.13,26.220000000000006,-0.42,27.399999999999995,-0.42,1,16.93,-0.42,31.629999999999995,-0.42,34.22
2021-11-17,0.71,42.84,25.440000000000005,0.71,28.109999999999996,0.71,1,17.64,0.71,32.339999999999996,0.71,34.93
2021-11-18,-0.48,42.36,26.160000000000004,-0.48,27.629999999999995,-0.48,1,17.16,-0.48,31.859999999999996,-0.48,34.45
2021-11-19,1.37,43.73,26.050000000000004,1.37,28.999999999999996,1.37,1,18.53,1.37,33.23,1.37,35.82
2021-11-22,0.0,43.73,27.160000000000004,0.0,28.999999999999996,0.0,1,18.53,0.0,33.23,0.0,35.82
2021-11-23,0.0,43.73,28.410000000000004,0.0,28.999999999999996,0.0,1,18.53,0.0,33.23,0.0,35.82
2021-11-24,0.0,43.73,28.490000000000002,0.0,28.999999999999996,0.0,1,18.53,0.0,33.23,0.0,35.82
2021-11-25,0.3,44.03,28.650000000000002,0.3,29.299999999999997,0.3,1,18.830000000000002,0.3,33.529999999999994,0.3,36.12
2021-11-26,0.06,44.09,28.53,0.06,29.359999999999996,0.06,1,18.89,0.06,33.589999999999996,0.06,36.18
2021-11-29,-1.07,43.02,28.700000000000003,-1.07,28.289999999999996,-1.07,1,17.82,-1.07,32.519999999999996,-1.07,35.11
2021-11-30,1.14,44.16,29.360000000000003,1.14,29.429999999999996,1.14,1,18.96,1.14,33.66,1.14,36.25
2021-12-01,0.07,44.23,29.860000000000003,0.07,29.499999999999996,0.07,1,19.03,0.07,33.73,0.07,36.32
2021-12-02,0.22,44.45,30.51,0.22,29.719999999999995,0.22,1,19.25,0.22,33.949999999999996,0.22,36.54
2021-12-03,0.0,44.45,30.520000000000003,0.0,29.719999999999995,0.0,1,19.25,0.0,33.949999999999996,0.0,36.54
2021-12-06,-0.34,44.11,30.890000000000004,-0.34,29.379999999999995,-0.34,1,18.91,-0.34,33.60999999999999,-0.34,36.199999999999996
2021-12-07,-0.66,43.45,29.330000000000005,-0.66,28.719999999999995,-0.0,0,18.91,-0.66,32.949999999999996,-0.66,35.54
2021-12-08,0.42,43.87,26.830000000000005,0.0,28.719999999999995,0.0,0,18.91,0.42,33.37,0.42,35.96
2021-12-09,0.19,44.06,28.010000000000005,0.0,28.719999999999995,0.0,0,18.91,0.19,33.559999999999995,0.19,36.15
2021-12-10,0.3,44.36,28.680000000000007,0.3,29.019999999999996,0.0,0,18.91,0.3,33.85999999999999,0.3,36.449999999999996
2021-12-13,0.0,44.36,29.360000000000007,0.0,29.019999999999996,0.0,1,18.91,0.0,33.85999999999999,0.0,36.449999999999996
2021-12-14,0.0,44.36,29.760000000000005,0.0,29.019999999999996,0.0,1,18.91,0.0,33.85999999999999,0.0,36.449999999999996
2021-12-15,0.79,45.15,29.350000000000005,0.79,29.809999999999995,0.79,1,19.7,0.79,34.64999999999999,0.79,37.239999999999995
2021-12-16,-0.08,45.07,29.380000000000006,-0.08,29.729999999999997,-0.08,1,19.62,-0.08,34.56999999999999,-0.08,37.16
2021-12-17,-0.44,44.63,29.790000000000006,-0.44,29.289999999999996,-0.44,1,19.18,-0.44,34.129999999999995,-0.44,36.72
2021-12-20,0.02,44.65,29.610000000000007,0.02,29.309999999999995,0.02,1,19.2,0.02,34.15,0.02,36.74
2021-12-21,1.11,45.76,28.820000000000007,0.0,29.309999999999995,0.0,0,19.2,1.11,35.26,1.11,37.85
2021-12-22,0.0,45.76,29.60000000000001,0.0,29.309999999999995,0.0,1,19.2,0.0,35.26,0.0,37.85
2021-12-23,0.3,46.06,30.250000000000007,0.3,29.609999999999996,0.3,1,19.5,0.3,35.559999999999995,0.3,38.15
2021-12-24,0.31,46.37,30.870000000000008,0.31,29.919999999999995,0.31,1,19.81,0.31,35.87,0.31,38.46
2021-12-27,0.11,46.48,30.300000000000008,0.11,30.029999999999994,0.11,1,19.919999999999998,0.11,35.98,0.11,38.57
2021-12-28,-0.41,46.07,30.08000000000001,-0.41,29.619999999999994,-0.0,0,19.919999999999998,-0.41,35.57,-0.41,38.160000000000004
2021-12-29,-0.07,46.0,30.19000000000001,-0.07,29.549999999999994,-0.0,0,19.919999999999998,-0.07,35.5,-0.07,38.09
2021-12-30,0.41,46.41,29.960000000000008,0.41,29.959999999999994,0.0,0,19.919999999999998,0.41,35.91,0.41,38.5
2021-12-31,0.0,46.41,30.38000000000001,0.0,29.959999999999994,0.0,1,19.919999999999998,0.0,35.91,0.0,38.5
2022-01-04,0.0,46.41,31.26000000000001,0.0,29.959999999999994,0.0,1,19.919999999999998,0.0,35.91,0.0,38.5
2022-01-05,-0.16,46.25,32.040000000000006,-0.16,29.799999999999994,-0.16,1,19.759999999999998,-0.16,35.75,-0.16,38.34
2022-01-06,1.0,47.25,31.110000000000007,1.0,30.799999999999994,1.0,1,20.759999999999998,1.0,36.75,1.0,39.34
2022-01-07,0.1,47.35,31.670000000000005,0.1,30.899999999999995,0.1,1,20.86,0.1,36.85,0.1,39.440000000000005
2022-01-10,0.9,48.25,31.040000000000006,0.9,31.799999999999994,0.0,0,20.86,0.9,37.75,0.9,40.34
2022-01-11,0.02,48.27,31.530000000000005,0.02,31.819999999999993,0.02,1,20.88,0.02,37.77,0.02,40.36000000000001
2022-01-12,0.35,48.62,30.810000000000006,0.35,32.169999999999995,0.0,0,20.88,0.35,38.120000000000005,0.35,40.71000000000001
2022-01-13,-0.42,48.2,31.760000000000005,-0.42,31.749999999999993,-0.42,1,20.459999999999997,-0.42,37.7,-0.42,40.290000000000006
2022-01-14,-0.07,48.13,31.050000000000004,-0.07,31.679999999999993,-0.0,0,20.459999999999997,-0.07,37.63,-0.07,40.220000000000006
2022-01-17,0.65,48.78,30.210000000000004,0.0,31.679999999999993,0.0,0,20.459999999999997,0.65,38.28,0.65,40.870000000000005
2022-01-18,-0.46,48.32,31.370000000000005,-0.46,31.21999999999999,-0.46,1,19.999999999999996,-0.46,37.82,-0.46,40.410000000000004
2022-01-19,-0.03,48.29,31.280000000000005,-0.03,31.18999999999999,-0.03,1,19.969999999999995,-0.03,37.79,-0.03,40.38
2022-01-20,-0.99,47.3,31.250000000000004,-0.99,30.199999999999992,-0.99,1,18.979999999999997,-0.99,36.8,-0.99,39.39
2022-01-21,0.36,47.66,30.580000000000002,0.0,30.199999999999992,0.0,0,18.979999999999997,0.36,37.16,0.36,39.75
2022-01-24,-0.1,47.56,30.05,-0.0,30.199999999999992,-0.0,0,18.979999999999997,-0.0,37.16,-0.1,39.65
2022-01-25,-1.34,46.22,30.44,-0.0,30.199999999999992,-0.0,0,18.979999999999997,-0.0,37.16,-1.34,38.309999999999995
2022-01-26,0.6,46.82,28.810000000000002,0.0,30.199999999999992,0.0,0,18.979999999999997,0.0,37.16,0.6,38.91
2022-01-27,-0.1,46.72,29.230000000000004,-0.0,30.199999999999992,-0.0,0,18.979999999999997,-0.0,37.16,-0.1,38.809999999999995
2022-01-28,1.07,47.79,27.970000000000002,0.0,30.199999999999992,0.0,0,18.979999999999997,0.0,37.16,0.0,38.809999999999995
2022-02-07,0.3,48.09,28.080000000000002,0.0,30.199999999999992,0.0,0,18.979999999999997,0.0,37.16,0.0,38.809999999999995
2022-02-08,0.0,48.09,29.200000000000003,0.0,30.199999999999992,0.0,1,18.979999999999997,0.0,37.16,0.0,38.809999999999995
2022-02-09,0.39,48.48,29.320000000000004,0.0,30.199999999999992,0.39,1,19.369999999999997,0.0,37.16,0.0,38.809999999999995
2022-02-10,0.0,48.48,30.660000000000004,0.0,30.199999999999992,0.0,1,19.369999999999997,0.0,37.16,0.0,38.809999999999995
2022-02-11,-0.01,48.47,30.840000000000003,-0.01,30.18999999999999,-0.01,1,19.359999999999996,-0.01,37.15,-0.01,38.8
2022-02-14,-0.66,47.81,29.770000000000003,-0.0,30.18999999999999,-0.0,0,19.359999999999996,-0.0,37.15,-0.66,38.14
2022-02-15,-1.87,45.94,26.67,-0.0,30.18999999999999,-0.0,0,19.359999999999996,-0.0,37.15,-0.0,38.14
2022-02-16,0.3,46.24,25.090000000000003,0.0,30.18999999999999,0.0,0,19.359999999999996,0.0,37.15,0.0,38.14
2022-02-17,-0.12,46.12,25.750000000000004,-0.0,30.18999999999999,-0.0,0,19.359999999999996,-0.0,37.15,-0.0,38.14
2022-02-18,0.35,46.47,25.930000000000003,0.0,30.18999999999999,0.0,0,19.359999999999996,0.0,37.15,0.0,38.14
2022-02-21,0.3,46.77,26.730000000000004,0.0,30.18999999999999,0.3,1,19.659999999999997,0.0,37.15,0.0,38.14
2022-02-22,-0.42,46.35,27.910000000000004,-0.0,30.18999999999999,-0.42,1,19.239999999999995,-0.0,37.15,-0.0,38.14
2022-02-23,1.5,47.85,27.310000000000002,0.0,30.18999999999999,1.5,1,20.739999999999995,0.0,37.15,0.0,38.14
2022-02-24,-0.54,47.31,29.060000000000002,-0.54,29.64999999999999,-0.54,1,20.199999999999996,-0.0,37.15,-0.0,38.14
2022-02-25,0.51,47.82,28.180000000000003,0.0,29.64999999999999,0.51,1,20.709999999999997,0.0,37.15,0.0,38.14
2022-02-28,0.74,48.56,29.140000000000004,0.74,30.38999999999999,0.74,1,21.449999999999996,0.0,37.15,0.0,38.14
2022-03-01,0.76,49.32,29.650000000000006,0.76,31.14999999999999,0.76,1,22.209999999999997,0.76,37.91,0.0,38.14
2022-03-02,-0.12,49.2,29.990000000000006,-0.12,31.02999999999999,-0.12,1,22.089999999999996,-0.12,37.79,-0.12,38.02
2022-03-03,-1.76,47.44,29.820000000000004,-1.76,29.26999999999999,-1.76,1,20.329999999999995,-1.76,36.03,-1.76,36.260000000000005
2022-03-04,-0.52,46.92,28.790000000000003,-0.52,28.74999999999999,-0.0,0,20.329999999999995,-0.0,36.03,-0.0,36.260000000000005
2022-03-07,-1.36,45.56,27.240000000000002,-0.0,28.74999999999999,-0.0,0,20.329999999999995,-0.0,36.03,-0.0,36.260000000000005
2022-03-08,-0.54,45.02,24.840000000000003,-0.0,28.74999999999999,-0.0,0,20.329999999999995,-0.0,36.03,-0.0,36.260000000000005
2022-03-09,0.18,45.2,22.210000000000004,0.0,28.74999999999999,0.0,0,20.329999999999995,0.0,36.03,0.0,36.260000000000005
2022-03-10,0.0,45.2,21.350000000000005,0.0,28.74999999999999,0.0,0,20.329999999999995,0.0,36.03,0.0,36.260000000000005
2022-03-11,0.0,45.2,23.350000000000005,0.0,28.74999999999999,0.0,0,20.329999999999995,0.0,36.03,0.0,36.260000000000005
2022-03-14,0.28,45.48,23.290000000000006,0.0,28.74999999999999,0.28,1,20.609999999999996,0.0,36.03,0.0,36.260000000000005
2022-03-15,-1.6,43.88,22.550000000000008,-0.0,28.74999999999999,-0.0,0,20.609999999999996,-0.0,36.03,-0.0,36.260000000000005
2022-03-16,0.0,45.38,20.610000000000007,0.0,28.74999999999999,0.0,0,20.609999999999996,0.0,36.03,0.0,36.260000000000005
2022-03-17,0.0,45.38,22.320000000000007,0.0,28.74999999999999,0.0,0,20.609999999999996,0.0,36.03,0.0,36.260000000000005
2022-03-18,0.0,45.38,23.930000000000007,0.0,28.74999999999999,0.0,1,20.609999999999996,0.0,36.03,0.0,36.260000000000005
2022-03-21,0.0,45.91,24.760000000000005,0.0,28.74999999999999,0.0,1,20.609999999999996,0.0,36.03,0.0,36.260000000000005
2022-03-22,0.0,45.99,25.260000000000005,0.0,28.74999999999999,0.0,1,20.609999999999996,0.0,36.03,0.0,36.260000000000005
2022-03-23,0.0,45.95,24.920000000000005,0.0,28.74999999999999,0.0,1,20.609999999999996,0.0,36.03,0.0,36.260000000000005
2022-03-24,0.0,45.51,24.710000000000004,0.0,28.74999999999999,0.0,0,20.609999999999996,0.0,36.03,0.0,36.260000000000005
2022-03-25,0.0,44.46,23.360000000000003,0.0,28.74999999999999,0.0,0,20.609999999999996,0.0,36.03,0.0,36.260000000000005
2022-03-28,0.0,44.96,22.330000000000002,0.0,28.74999999999999,0.0,0,20.609999999999996,0.0,36.03,0.0,36.260000000000005
2022-03-29,0.0,45.01,21.64,0.0,28.74999999999999,0.0,0,20.609999999999996,0.0,36.03,0.0,36.260000000000005
2022-03-30,0.0,45.18,21.34,0.0,28.74999999999999,0.0,0,20.609999999999996,0.0,36.03,0.0,36.260000000000005
2022-03-31,0.0,45.36,22.8,0.0,28.74999999999999,0.0,1,20.609999999999996,0.0,36.03,0.0,36.260000000000005
2022-04-01,0.0,45.36,22.67,0.0,28.74999999999999,0.0,1,20.609999999999996,0.0,36.03,0.0,36.260000000000005
2022-04-06,0.25,45.61,23.400000000000002,0.25,28.99999999999999,0.25,1,20.859999999999996,0.0,36.03,0.0,36.260000000000005
2022-04-07,-0.87,44.74,23.680000000000003,-0.87,28.12999999999999,-0.87,1,19.989999999999995,-0.0,36.03,-0.0,36.260000000000005
2022-04-08,-1.97,42.77,22.840000000000003,-0.0,28.12999999999999,-0.0,0,19.989999999999995,-0.0,36.03,-0.0,36.260000000000005
2022-04-11,-0.74,42.03,22.580000000000002,-0.0,28.12999999999999,-0.0,0,19.989999999999995,-0.0,36.03,-0.0,36.260000000000005
2022-04-12,0.78,42.81,21.07,0.0,28.12999999999999,0.0,0,19.989999999999995,0.0,36.03,0.0,36.260000000000005
2022-04-13,-1.71,41.1,21.3,-0.0,28.12999999999999,-0.0,0,19.989999999999995,-0.0,36.03,-0.0,36.260000000000005
2022-04-14,1.17,42.27,20.63,0.0,28.12999999999999,0.0,0,19.989999999999995,0.0,36.03,0.0,36.260000000000005
2022-04-15,-0.2,42.07,21.23,-0.0,28.12999999999999,-0.0,0,19.989999999999995,-0.0,36.03,-0.0,36.260000000000005
2022-04-18,-0.29,41.78,21.01,-0.0,28.12999999999999,-0.0,0,19.989999999999995,-0.0,36.03,-0.0,36.260000000000005
2022-04-19,0.67,42.45,21.87,0.0,28.12999999999999,0.67,1,20.659999999999997,0.0,36.03,0.0,36.260000000000005
2022-04-20,0.41,42.86,22.78,0.41,28.53999999999999,0.41,1,21.069999999999997,0.41,36.44,0.0,36.260000000000005
2022-04-21,-0.73,42.13,22.37,-0.0,28.53999999999999,-0.73,1,20.339999999999996,-0.0,36.44,-0.0,36.260000000000005
2022-04-22,0.24,42.37,20.96,0.0,28.53999999999999,0.0,0,20.339999999999996,0.0,36.44,0.0,36.260000000000005
2022-04-25,-2.1,40.27,20.07,-0.0,28.53999999999999,-0.0,0,20.339999999999996,-0.0,36.44,-0.0,36.260000000000005
2022-04-26,0.0,39.89,17.060000000000002,0.0,28.53999999999999,0.0,0,20.339999999999996,0.0,36.44,0.0,36.260000000000005
2022-04-27,0.0,40.33,16.46,0.0,28.53999999999999,0.0,0,20.339999999999996,0.0,36.44,0.0,36.260000000000005
2022-04-28,0.0,40.49,18.14,0.0,28.53999999999999,0.0,0,20.339999999999996,0.0,36.44,0.0,36.260000000000005
2022-04-29,0.0,41.09,18.11,0.0,28.53999999999999,0.0,1,20.339999999999996,0.0,36.44,0.0,36.260000000000005
2022-05-05,0.0,41.09,20.259999999999998,0.0,28.53999999999999,0.0,1,20.339999999999996,0.0,36.44,0.0,36.260000000000005
2022-05-06,0.0,41.09,21.49,0.0,28.53999999999999,0.0,1,20.339999999999996,0.0,36.44,0.0,36.260000000000005
2022-05-09,1.03,42.12,21.06,1.03,29.56999999999999,1.03,1,21.369999999999997,0.0,36.44,0.0,36.260000000000005
2022-05-10,1.06,43.18,21.81,1.06,30.62999999999999,1.06,1,22.429999999999996,1.06,37.5,0.0,36.260000000000005
2022-05-11,0.6,43.78,22.49,0.6,31.22999999999999,0.6,1,23.029999999999998,0.6,38.1,0.0,36.260000000000005
2022-05-12,0.3,44.08,23.639999999999997,0.3,31.52999999999999,0.3,1,23.33,0.3,38.4,0.0,36.260000000000005
2022-05-13,1.23,45.31,23.849999999999998,1.23,32.75999999999999,1.23,1,24.56,1.23,39.629999999999995,0.0,36.260000000000005
2022-05-16,0.3,45.61,24.479999999999997,0.3,33.05999999999999,0.3,1,24.86,0.3,39.92999999999999,0.3,36.56
2022-05-17,0.73,46.34,25.15,0.73,33.789999999999985,0.73,1,25.59,0.73,40.65999999999999,0.73,37.29
2022-05-18,1.01,47.35,25.45,1.01,34.79999999999998,1.01,1,26.6,1.01,41.66999999999999,1.01,38.3
2022-05-19,-0.44,46.91,25.71,-0.44,34.359999999999985,-0.44,1,26.16,-0.44,41.22999999999999,-0.44,37.86
2022-05-20,0.59,47.5,25.94,0.59,34.94999999999999,0.59,1,26.75,0.59,41.81999999999999,0.59,38.45
2022-05-23,0.23,47.73,26.35,0.23,35.179999999999986,0.23,1,26.98,0.23,42.04999999999999,0.23,38.68
2022-05-24,-1.38,46.35,26.84,-1.38,33.79999999999998,-1.38,1,25.6,-1.38,40.66999999999999,-1.38,37.3
2022-05-25,1.11,47.46,24.78,1.11,34.90999999999998,0.0,0,25.6,1.11,41.77999999999999,1.11,38.41
2022-05-26,-0.39,47.07,25.41,-0.39,34.51999999999998,-0.0,0,25.6,-0.39,41.389999999999986,-0.39,38.019999999999996
2022-05-27,-0.5,46.57,25.62,-0.5,34.01999999999998,-0.0,0,25.6,-0.5,40.889999999999986,-0.5,37.519999999999996
2022-05-30,0.3,46.87,25.61,0.3,34.31999999999998,0.0,0,25.6,0.3,41.18999999999998,0.3,37.81999999999999
2022-05-31,0.3,47.17,25.74,0.3,34.619999999999976,0.3,1,25.900000000000002,0.3,41.48999999999998,0.3,38.11999999999999
2022-06-01,1.21,48.38,25.97,1.21,35.82999999999998,1.21,1,27.110000000000003,1.21,42.69999999999998,1.21,39.32999999999999
2022-06-02,1.08,49.46,26.36,1.08,36.909999999999975,1.08,1,28.190000000000005,1.08,43.77999999999998,1.08,40.40999999999999
2022-06-06,0.4,49.86,26.9,0.4,37.309999999999974,0.4,1,28.590000000000003,0.4,44.17999999999998,0.4,40.80999999999999
2022-06-07,0.0,49.86,28.07,0.0,37.309999999999974,0.0,1,28.590000000000003,0.0,44.17999999999998,0.0,40.80999999999999
2022-06-08,0.46,50.32,28.16,0.46,37.769999999999975,0.46,1,29.050000000000004,0.46,44.63999999999998,0.46,41.26999999999999
2022-06-09,-0.73,49.59,28.37,-0.73,37.03999999999998,-0.73,1,28.320000000000004,-0.73,43.90999999999998,-0.73,40.53999999999999
2022-06-10,0.75,50.34,27.95,0.75,37.78999999999998,0.75,1,29.070000000000004,0.75,44.65999999999998,0.75,41.28999999999999
2022-06-13,-0.19,50.15,28.79,-0.19,37.59999999999998,-0.19,1,28.880000000000003,-0.19,44.469999999999985,-0.19,41.099999999999994
2022-06-14,-0.02,50.13,29.09,-0.02,37.57999999999998,-0.02,1,28.860000000000003,-0.02,44.44999999999998,-0.02,41.07999999999999
2022-06-15,0.57,50.7,28.82,0.57,38.14999999999998,0.57,1,29.430000000000003,0.57,45.01999999999998,0.57,41.64999999999999
2022-06-16,0.35,51.05,29.51,0.35,38.49999999999998,0.35,1,29.780000000000005,0.35,45.36999999999998,0.35,41.99999999999999
2022-06-17,0.3,51.35,30.240000000000002,0.3,38.799999999999976,0.3,1,30.080000000000005,0.3,45.66999999999998,0.3,42.29999999999999
2022-06-20,-0.84,50.51,30.73,-0.84,37.95999999999997,-0.84,1,29.240000000000006,-0.84,44.82999999999998,-0.84,41.45999999999999
2022-06-21,0.59,51.1,29.61,0.59,38.549999999999976,0.0,0,29.240000000000006,0.59,45.41999999999998,0.59,42.04999999999999
2022-06-22,1.5,52.6,29.759999999999998,1.5,40.049999999999976,0.0,0,29.240000000000006,1.5,46.91999999999998,1.5,43.54999999999999
2022-06-23,0.7,53.3,29.9,0.7,40.74999999999998,0.0,0,29.240000000000006,0.7,47.61999999999998,0.7,44.24999999999999
2022-06-24,-0.02,53.28,30.68,-0.02,40.729999999999976,-0.02,1,29.220000000000006,-0.02,47.59999999999998,-0.02,44.22999999999999
2022-06-27,0.3,53.58,31.41,0.3,41.02999999999997,0.3,1,29.520000000000007,0.3,47.89999999999998,0.3,44.52999999999999
2022-06-28,0.3,53.88,32.41,0.3,41.32999999999997,0.3,1,29.820000000000007,0.3,48.199999999999974,0.3,44.829999999999984
2022-06-29,0.14,54.02,33.19,0.14,41.46999999999997,0.14,1,29.960000000000008,0.14,48.339999999999975,0.14,44.969999999999985
2022-06-30,0.52,54.54,31.86,0.52,41.989999999999974,0.0,0,29.960000000000008,0.52,48.85999999999998,0.52,45.48999999999999
2022-07-01,0.14,54.68,32.51,0.14,42.129999999999974,0.14,1,30.10000000000001,0.14,48.99999999999998,0.14,45.62999999999999
2022-07-04,0.18,54.86,32.489999999999995,0.18,42.309999999999974,0.0,0,30.10000000000001,0.18,49.17999999999998,0.18,45.80999999999999
2022-07-05,-0.39,54.47,33.16,-0.39,41.91999999999997,-0.39,1,29.710000000000008,-0.39,48.78999999999998,-0.39,45.41999999999999
2022-07-06,0.12,54.59,32.91,0.12,42.03999999999997,0.12,1,29.83000000000001,0.12,48.909999999999975,0.12,45.539999999999985
2022-07-07,0.24,54.83,32.18,0.24,42.27999999999997,0.0,0,29.83000000000001,0.24,49.14999999999998,0.24,45.77999999999999
2022-07-08,0.43,55.26,32.78,0.43,42.70999999999997,0.43,1,30.26000000000001,0.43,49.57999999999998,0.43,46.20999999999999
2022-07-11,-0.84,54.42,32.49,-0.84,41.86999999999997,-0.0,0,30.26000000000001,-0.84,48.739999999999974,-0.84,45.36999999999998
2022-07-12,-0.12,54.3,31.57,-0.12,41.74999999999997,-0.0,0,30.26000000000001,-0.12,48.619999999999976,-0.12,45.249999999999986
2022-07-13,-0.37,53.93,30.44,-0.0,41.74999999999997,-0.0,0,30.26000000000001,-0.37,48.24999999999998,-0.37,44.87999999999999
2022-07-14,-0.22,53.71,31.110000000000003,-0.0,41.74999999999997,-0.0,0,30.26000000000001,-0.22,48.02999999999998,-0.22,44.65999999999999
2022-07-15,-1.23,52.48,31.76,-1.23,40.519999999999975,-1.23,1,29.03000000000001,-1.23,46.79999999999998,-1.23,43.42999999999999
2022-07-18,0.4,52.88,31.490000000000002,0.0,40.519999999999975,0.4,1,29.430000000000007,0.4,47.19999999999998,0.4,43.82999999999999
2022-07-19,0.6,53.48,32.67,0.6,41.119999999999976,0.6,1,30.03000000000001,0.6,47.79999999999998,0.6,44.42999999999999
2022-07-20,0.0,53.48,33.2,0.0,41.119999999999976,0.0,1,30.03000000000001,0.0,47.79999999999998,0.0,44.42999999999999
2022-07-21,0.0,53.48,33.900000000000006,0.0,41.119999999999976,0.0,1,30.03000000000001,0.0,47.79999999999998,0.0,44.42999999999999
2022-07-22,0.44,53.92,33.61000000000001,0.44,41.559999999999974,0.44,1,30.47000000000001,0.44,48.23999999999998,0.44,44.86999999999999
2022-07-25,-0.89,53.03,33.28000000000001,-0.89,40.66999999999997,-0.0,0,30.47000000000001,-0.89,47.34999999999998,-0.89,43.97999999999999
2022-07-26,0.75,53.78,32.85000000000001,0.75,41.41999999999997,0.0,0,30.47000000000001,0.75,48.09999999999998,0.75,44.72999999999999
2022-07-27,0.32,54.1,33.580000000000005,0.32,41.739999999999974,0.32,1,30.79000000000001,0.32,48.41999999999998,0.32,45.04999999999999
2022-07-28,0.0,54.1,34.440000000000005,0.0,41.739999999999974,0.0,1,30.79000000000001,0.0,48.41999999999998,0.0,45.04999999999999
2022-07-29,0.0,54.1,35.160000000000004,0.0,41.739999999999974,0.0,1,30.79000000000001,0.0,48.41999999999998,0.0,45.04999999999999
2022-08-01,0.03,54.13,35.06,0.03,41.769999999999975,0.03,1,30.82000000000001,0.03,48.44999999999998,0.03,45.07999999999999
2022-08-02,0.3,54.43,35.71,0.3,42.06999999999997,0.3,1,31.12000000000001,0.3,48.74999999999998,0.3,45.37999999999999
2022-08-03,1.5,55.93,34.37,1.5,43.56999999999997,0.0,0,31.12000000000001,1.5,50.24999999999998,1.5,46.87999999999999
2022-08-04,-0.31,55.62,34.019999999999996,-0.31,43.25999999999997,-0.0,0,31.12000000000001,-0.31,49.939999999999976,-0.31,46.569999999999986
2022-08-05,0.55,56.17,34.279999999999994,0.55,43.80999999999997,0.0,0,31.12000000000001,0.55,50.489999999999974,0.55,47.11999999999998
2022-08-08,0.27,56.44,34.46999999999999,0.27,44.07999999999997,0.0,0,31.12000000000001,0.27,50.75999999999998,0.27,47.389999999999986
2022-08-09,0.0,56.44,35.43999999999999,0.0,44.07999999999997,0.0,1,31.12000000000001,0.0,50.75999999999998,0.0,47.389999999999986
2022-08-10,-0.09,56.35,35.65999999999999,-0.09,43.98999999999997,-0.09,1,31.030000000000012,-0.09,50.66999999999997,-0.09,47.29999999999998
2022-08-11,0.3,56.65,35.70999999999999,0.3,44.289999999999964,0.3,1,31.330000000000013,0.3,50.96999999999997,0.3,47.59999999999998
2022-08-12,0.3,56.95,36.23999999999999,0.3,44.58999999999996,0.3,1,31.630000000000013,0.3,51.26999999999997,0.3,47.89999999999998
2022-08-15,0.29,57.24,36.109999999999985,0.29,44.87999999999996,0.29,1,31.920000000000012,0.29,51.55999999999997,0.29,48.189999999999976
2022-08-16,0.0,57.24,36.59999999999999,0.0,44.87999999999996,0.0,1,31.920000000000012,0.0,51.55999999999997,0.0,48.189999999999976
2022-08-17,0.3,57.54,37.109999999999985,0.3,45.17999999999996,0.3,1,32.22000000000001,0.3,51.859999999999964,0.3,48.489999999999974
2022-08-18,-0.77,56.77,37.18999999999998,-0.77,44.409999999999954,-0.77,1,31.450000000000014,-0.77,51.08999999999996,-0.77,47.71999999999997
2022-08-19,-1.38,55.39,36.429999999999986,-1.38,43.02999999999995,-0.0,0,31.450000000000014,-1.38,49.70999999999996,-1.38,46.33999999999997
2022-08-22,-0.22,55.17,34.98999999999999,-0.0,43.02999999999995,-0.0,0,31.450000000000014,-0.22,49.48999999999996,-0.22,46.11999999999997
2022-08-23,0.3,55.47,35.34999999999999,0.0,43.02999999999995,0.0,0,31.450000000000014,0.3,49.78999999999996,0.3,46.419999999999966
2022-08-24,-0.42,55.05,35.59999999999999,-0.42,42.60999999999995,-0.0,0,31.450000000000014,-0.42,49.369999999999955,-0.42,45.999999999999964
2022-08-25,-0.16,54.89,33.36999999999999,-0.0,42.60999999999995,-0.0,0,31.450000000000014,-0.0,49.369999999999955,-0.16,45.83999999999997
2022-08-26,0.05,54.94,32.14999999999999,0.0,42.60999999999995,0.0,0,31.450000000000014,0.0,49.369999999999955,0.0,45.83999999999997
2022-08-29,-0.31,54.63,31.97999999999999,-0.0,42.60999999999995,-0.0,0,31.450000000000014,-0.0,49.369999999999955,-0.0,45.83999999999997
2022-08-30,0.68,55.31,31.79999999999999,0.0,42.60999999999995,0.0,0,31.450000000000014,0.0,49.369999999999955,0.0,45.83999999999997
2022-08-31,0.3,55.61,31.54999999999999,0.0,42.60999999999995,0.0,0,31.450000000000014,0.0,49.369999999999955,0.0,45.83999999999997
2022-09-01,0.77,56.38,29.59999999999999,0.0,42.60999999999995,0.0,0,31.450000000000014,0.0,49.369999999999955,0.0,45.83999999999997
2022-09-02,0.29,56.67,29.31999999999999,0.0,42.60999999999995,0.0,0,31.450000000000014,0.0,49.369999999999955,0.0,45.83999999999997
2022-09-05,0.3,56.97,30.18999999999999,0.0,42.60999999999995,0.0,0,31.450000000000014,0.0,49.369999999999955,0.0,45.83999999999997
2022-09-06,0.0,56.97,30.86999999999999,0.0,42.60999999999995,0.0,1,31.450000000000014,0.0,49.369999999999955,0.0,45.83999999999997
2022-09-07,0.0,56.97,32.04999999999999,0.0,42.60999999999995,0.0,1,31.450000000000014,0.0,49.369999999999955,0.0,45.83999999999997
2022-09-08,0.0,56.97,32.61999999999999,0.0,42.60999999999995,0.0,1,31.450000000000014,0.0,49.369999999999955,0.0,45.83999999999997
2022-09-09,0.01,56.98,31.88999999999999,0.0,42.60999999999995,0.01,1,31.460000000000015,0.0,49.369999999999955,0.0,45.83999999999997
2022-09-13,1.24,58.22,31.67999999999999,0.0,42.60999999999995,0.0,0,31.460000000000015,0.0,49.369999999999955,0.0,45.83999999999997
2022-09-14,-0.86,57.36,31.86999999999999,-0.0,42.60999999999995,-0.0,0,31.460000000000015,-0.0,49.369999999999955,-0.0,45.83999999999997
2022-09-15,-1.28,56.08,31.379999999999992,-0.0,42.60999999999995,-0.0,0,31.460000000000015,-0.0,49.369999999999955,-0.0,45.83999999999997
2022-09-16,-2.01,54.07,29.96999999999999,-0.0,42.60999999999995,-0.0,0,31.460000000000015,-0.0,49.369999999999955,-0.0,45.83999999999997
2022-09-19,-0.11,53.96,28.79999999999999,-0.0,42.60999999999995,-0.0,0,31.460000000000015,-0.0,49.369999999999955,-0.0,45.83999999999997
2022-09-20,0.08,54.04,28.34999999999999,0.0,42.60999999999995,0.0,0,31.460000000000015,0.0,49.369999999999955,0.0,45.83999999999997
