交易日期,交易日期,成交额,涨跌幅,指数,5日均线,20日均线,30日均线,60日均线,仓位控制_5,仓位控制_20,仓位控制_30,仓位控制_60
2017/12/29,2017/12/29,10.58,0,1000,1000,1000,1000,1000,1,1,1,1
2018/1/2,2018/1/2,13.94,0.88,1008.83,1004.42,1004.42,1004.42,1004.42,1,1,1,1
2018/1/3,2018/1/3,15.96,0.99,1018.81,1009.21,1009.21,1009.21,1009.21,1,1,1,1
2018/1/4,2018/1/4,15.49,0.54,1024.34,1012.99,1012.99,1012.99,1012.99,1,1,1,1
2018/1/5,2018/1/5,19.97,1.01,1034.65,1017.33,1017.33,1017.33,1017.33,1,1,1,1
2018/1/8,2018/1/8,20.51,0.1,1035.64,1024.45,1020.38,1020.38,1020.38,1,1,1,1
2018/1/9,2018/1/9,12.01,-0.55,1029.98,1028.68,1021.75,1021.75,1021.75,1,1,1,1
2018/1/10,2018/1/10,17.64,-0.44,1025.42,1030.01,1022.21,1022.21,1022.21,1,0,1,1
2018/1/11,2018/1/11,14.4,0.12,1026.64,1030.47,1022.7,1022.7,1022.7,1,0,1,1
2018/1/12,2018/1/12,12.9,-0.08,1025.85,1028.71,1023.02,1023.02,1023.02,1,0,1,1
2018/1/15,2018/1/15,22.62,-1.18,1013.79,1024.34,1022.18,1022.18,1022.18,0,0,0,0
2018/1/16,2018/1/16,15.83,0.21,1015.89,1021.52,1021.65,1021.65,1021.65,0,0,0,0
2018/1/17,2018/1/17,24.3,-0.03,1015.57,1019.55,1021.19,1021.19,1021.19,0,0,0,0
2018/1/18,2018/1/18,22.43,0.65,1022.12,1018.64,1021.25,1021.25,1021.25,1,1,1,1
2018/1/19,2018/1/19,28.81,0.55,1027.75,1019.02,1021.69,1021.69,1021.69,1,1,1,1
2018/1/22,2018/1/22,32.23,1.14,1039.47,1024.16,1022.8,1022.8,1022.8,1,1,1,1
2018/1/23,2018/1/23,46.13,0.54,1045.08,1030,1024.11,1024.11,1024.11,1,1,1,1
2018/1/24,2018/1/24,43.48,0.97,1055.25,1037.93,1025.84,1025.84,1025.84,1,1,1,1
2018/1/25,2018/1/25,38.99,0.65,1062.06,1045.92,1027.74,1027.74,1027.74,1,1,1,1
2018/1/26,2018/1/26,31.23,-0.18,1060.13,1052.4,1029.36,1029.36,1029.36,1,1,1,1
2018/1/29,2018/1/29,33.07,-1.91,1039.89,1052.48,1031.36,1029.86,1029.86,1,0,1,1
2018/1/30,2018/1/30,29.94,-0.43,1035.41,1050.55,1032.69,1030.12,1030.12,1,0,1,1
2018/1/31,2018/1/31,26.31,-0.51,1030.12,1045.52,1033.25,1030.12,1030.12,0,0,1,1
2018/2/1,2018/2/1,36.81,-1.23,1017.48,1036.61,1032.91,1029.59,1029.59,0,0,0,0
2018/2/2,2018/2/2,23.09,0.63,1023.9,1029.36,1032.37,1029.36,1029.36,0,0,0,0
2018/2/5,2018/2/5,30.41,0.41,1028.08,1027,1031.99,1029.31,1029.31,0,1,0,0
2018/2/6,2018/2/6,31.95,-1.39,1013.82,1022.68,1031.19,1028.74,1028.74,0,0,0,0
2018/2/7,2018/2/7,42.26,-0.04,1013.46,1019.35,1030.59,1028.19,1028.19,0,0,0,0
2018/2/8,2018/2/8,37.47,-0.06,1012.84,1018.42,1029.9,1027.66,1027.66,0,0,0,0
2018/2/9,2018/2/9,51.08,-2.14,991.14,1011.87,1028.16,1026.45,1026.45,0,0,0,0
2018/2/12,2018/2/12,23.43,1.82,1009.22,1008.1,1027.93,1026.75,1025.89,0,1,0,0
2018/2/13,2018/2/13,29.56,0.68,1016.05,1008.54,1027.94,1026.99,1025.58,0,1,0,0
2018/2/14,2018/2/14,9.35,0.26,1018.71,1009.59,1028.1,1026.99,1025.38,0,1,0,0
2018/2/22,2018/2/22,20.78,0.8,1026.9,1012.4,1028.34,1027.08,1025.42,0,1,0,1
2018/2/23,2018/2/23,18.2,-0.09,1025.98,1019.37,1028.25,1026.79,1025.44,0,1,0,1
2018/2/26,2018/2/26,27.03,1.09,1037.18,1024.96,1028.14,1026.84,1025.76,1,1,1,1
2018/2/27,2018/2/27,24.67,-0.25,1034.57,1028.67,1027.61,1026.99,1026,1,1,1,1
2018/2/28,2018/2/28,20.31,-0.23,1032.15,1031.36,1026.45,1027.22,1026.16,1,1,1,1
2018/3/1,2018/3/1,21.04,0.36,1035.83,1033.14,1025.14,1027.52,1026.41,1,1,1,1
2018/3/2,2018/3/2,18.43,-0.57,1029.88,1033.92,1023.63,1027.66,1026.5,1,0,1,1
2018/3/5,2018/3/5,15.95,-0.06,1029.26,1032.34,1023.1,1028.17,1026.56,1,0,1,1
2018/3/6,2018/3/6,23.96,0.28,1032.12,1031.85,1022.93,1028.71,1026.7,1,1,1,1
2018/3/7,2018/3/7,18.34,-0.17,1030.38,1031.49,1022.95,1029.21,1026.78,1,0,1,1
2018/3/8,2018/3/8,13.9,0.1,1031.4,1030.61,1023.64,1029.52,1026.89,1,1,1,1
2018/3/9,2018/3/9,19.61,0.49,1036.5,1031.93,1024.27,1029.81,1027.1,1,1,1,1
2018/3/12,2018/3/12,25.32,1.08,1047.74,1035.63,1025.26,1030.08,1027.55,1,1,1,1
2018/3/13,2018/3/13,19.74,-0.03,1047.39,1038.68,1026.94,1030.16,1027.97,1,1,1,1
2018/3/14,2018/3/14,18.59,-0.48,1042.31,1041.07,1028.38,1029.73,1028.27,1,1,1,1
2018/3/15,2018/3/15,15.89,-0.15,1040.76,1042.94,1029.77,1029.02,1028.53,1,0,1,1
2018/3/16,2018/3/16,17.25,-0.01,1040.65,1043.77,1032.25,1028.37,1028.77,1,0,1,1
2018/3/19,2018/3/19,15.37,0.1,1041.73,1042.57,1033.87,1028.43,1029.02,1,0,1,1
2018/3/20,2018/3/20,13.97,-0.13,1040.36,1041.16,1035.09,1028.6,1029.24,1,0,1,1
2018/3/21,2018/3/21,18.08,-0.12,1039.06,1040.51,1036.11,1028.9,1029.43,1,0,1,1
2018/3/22,2018/3/22,14.12,-0.19,1037.09,1039.78,1036.62,1029.55,1029.57,1,0,1,1
2018/3/23,2018/3/23,33.36,-1.61,1020.4,1035.73,1036.34,1029.43,1029.4,0,0,0,0
2018/3/26,2018/3/26,20.55,0.63,1026.86,1032.75,1035.82,1029.39,1029.36,0,0,0,0
2018/3/27,2018/3/27,21.63,0.82,1035.32,1031.75,1035.86,1030.11,1029.46,0,1,1,1
2018/3/28,2018/3/28,16.96,-0.29,1032.32,1030.4,1035.87,1030.74,1029.51,0,1,1,1
2018/3/29,2018/3/29,17.97,0.09,1033.2,1029.62,1035.74,1031.42,1029.57,0,1,1,1
2018/3/30,2018/3/30,19.18,0.75,1040.94,1033.73,1036.29,1033.08,1029.76,1,1,1,1
2018/4/2,2018/4/2,19.26,0.66,1047.86,1037.93,1037.22,1034.36,1030.56,1,1,1,1
2018/4/3,2018/4/3,14.23,-0.17,1046.1,1040.08,1037.92,1035.37,1031.18,1,1,1,1
2018/4/4,2018/4/4,14.51,-0.02,1045.89,1042.8,1038.69,1036.27,1031.63,1,1,1,1
2018/4/9,2018/4/9,13.38,0.12,1047.1,1045.58,1039.48,1036.94,1032.01,1,1,1,1
2018/4/10,2018/4/10,15.4,-0.09,1046.15,1046.62,1039.96,1037.62,1032.2,1,0,1,1
2018/4/11,2018/4/11,17.5,0.2,1048.3,1046.71,1039.99,1037.99,1032.41,1,1,1,1
2018/4/12,2018/4/12,14.57,-0.3,1045.13,1046.51,1039.88,1038.34,1032.67,1,0,1,1
2018/4/13,2018/4/13,13.04,-0.27,1042.32,1045.8,1039.88,1038.68,1032.95,1,0,1,1
2018/4/16,2018/4/16,17.72,-0.33,1038.94,1044.17,1039.79,1038.78,1033.15,0,0,1,1
2018/4/17,2018/4/17,20.33,-0.49,1033.84,1041.71,1039.45,1038.91,1033.29,0,0,0,1
2018/4/18,2018/4/18,21.51,0.56,1039.58,1039.96,1039.34,1039.26,1033.72,1,0,1,1
2018/4/19,2018/4/19,17.58,0.22,1041.9,1039.32,1039.41,1039.58,1034.15,1,1,1,1
2018/4/20,2018/4/20,12.89,-0.68,1034.85,1037.82,1039.2,1039.73,1034.47,0,0,0,1
2018/4/23,2018/4/23,15.08,-1.36,1020.78,1034.19,1038.39,1039.38,1034.45,0,0,0,0
2018/4/24,2018/4/24,20.94,1.23,1033.35,1034.09,1039.04,1039.27,1034.54,0,0,0,0
2018/4/25,2018/4/25,14.06,-0.04,1032.89,1032.75,1039.34,1038.78,1034.43,0,1,0,0
2018/4/26,2018/4/26,12.87,-0.63,1026.34,1029.64,1038.89,1038.08,1034.12,0,0,0,0
2018/4/27,2018/4/27,13.96,0.15,1027.93,1028.26,1038.67,1037.6,1033.66,0,0,0,0
2018/5/2,2018/5/2,10.1,-0.22,1025.71,1029.24,1038.29,1037.1,1033.06,0,0,0,0
2018/5/3,2018/5/3,16.34,0.48,1030.65,1028.7,1037.78,1036.76,1032.57,0,1,0,0
2018/5/4,2018/5/4,13.79,0.35,1034.31,1028.99,1037.1,1036.52,1032.47,0,1,0,1
2018/5/7,2018/5/7,19.09,1.07,1045.43,1032.81,1037.07,1036.68,1032.64,1,1,1,1
2018/5/8,2018/5/8,21.85,0.47,1050.33,1037.29,1037.29,1037.06,1032.98,1,1,1,1
2018/5/9,2018/5/9,14.29,-0.04,1049.85,1042.11,1037.43,1037.49,1033.52,1,1,1,1
2018/5/10,2018/5/10,15.44,0.21,1052.1,1046.4,1037.73,1038.54,1033.99,1,1,1,1
2018/5/11,2018/5/11,13.37,-0.43,1047.54,1049.05,1037.69,1039.23,1034.31,1,0,1,1
2018/5/14,2018/5/14,15.38,-0.42,1043.18,1048.6,1037.59,1039.49,1034.8,1,0,1,1
2018/5/15,2018/5/15,15.43,0.49,1048.26,1048.19,1037.89,1040.02,1035.38,1,1,1,1
2018/5/16,2018/5/16,14.11,-0.29,1045.22,1047.26,1038.2,1040.43,1035.92,1,0,1,1
2018/5/17,2018/5/17,17.47,-0.1,1044.15,1045.67,1038.72,1040.53,1036.8,1,0,1,1
2018/5/18,2018/5/18,15.32,0.17,1045.89,1045.34,1039.03,1040.47,1037.42,1,1,1,1
2018/5/21,2018/5/21,25.31,0.41,1050.23,1046.75,1039.45,1040.6,1037.98,1,1,1,1
2018/5/22,2018/5/22,17.86,0.19,1052.27,1047.55,1040.32,1040.82,1038.54,1,1,1,1
2018/5/23,2018/5/23,18.88,-0.65,1045.48,1047.6,1041.56,1040.76,1038.85,1,0,1,1
2018/5/24,2018/5/24,17.71,-0.24,1042.98,1047.37,1042.04,1040.66,1039.14,1,0,1,1
2018/5/25,2018/5/25,14.66,-0.79,1034.78,1045.15,1042.13,1040.21,1039.1,0,0,0,0
2018/5/28,2018/5/28,15.18,-0.5,1029.65,1041.03,1042.3,1039.69,1039.02,0,0,0,0
2018/5/29,2018/5/29,17.52,-0.93,1020.11,1034.6,1041.91,1038.95,1038.81,0,0,0,0
2018/5/30,2018/5/30,19.27,-1.41,1005.71,1026.65,1040.91,1037.84,1038.31,0,0,0,0
2018/5/31,2018/5/31,14.22,0.43,1010.04,1020.06,1039.88,1037.05,1037.98,0,0,0,0
2018/6/1,2018/6/1,12.78,-0.38,1006.25,1014.35,1038.47,1035.94,1037.6,0,0,0,0
2018/6/4,2018/6/4,19.87,-0.87,997.49,1007.92,1036.08,1034.46,1037.02,0,0,0,0
2018/6/5,2018/6/5,17.81,0.99,1007.34,1005.37,1033.93,1033.54,1036.64,0,1,0,0
2018/6/6,2018/6/6,14.2,0.43,1011.7,1006.56,1032.02,1033.24,1036.31,0,1,0,0
2018/6/7,2018/6/7,13.93,0.26,1014.33,1007.42,1030.13,1032.6,1035.94,0,1,0,0
2018/6/8,2018/6/8,12.06,-0.54,1008.89,1007.95,1028.2,1031.8,1035.29,0,1,0,0
2018/6/11,2018/6/11,13.38,-0.1,1007.87,1010.03,1026.43,1031.19,1034.63,0,0,0,0
2018/6/12,2018/6/12,13.86,0.42,1012.06,1010.97,1024.62,1030.66,1034.13,0,1,0,0
2018/6/13,2018/6/13,10.28,-0.41,1007.89,1010.21,1022.76,1030.07,1033.58,0,0,0,0
2018/6/14,2018/6/14,8.79,-0.43,1003.56,1008.05,1020.73,1029.16,1032.96,0,0,0,0
2018/6/15,2018/6/15,10.64,-1.11,992.46,1004.77,1018.05,1027.77,1032.14,0,0,0,0
2018/6/19,2018/6/19,16.52,-3.36,959.09,995.01,1013.5,1024.89,1030.79,0,0,0,0
2018/6/20,2018/6/20,15.48,0.46,963.54,985.31,1009.06,1022,1029.53,0,0,0,0
2018/6/21,2018/6/21,14.06,-0.42,959.47,975.62,1004.76,1018.98,1028.23,0,0,0,0
2018/6/22,2018/6/22,16.75,0.56,964.79,967.87,1000.85,1016.07,1027.31,0,0,0,0
2018/6/25,2018/6/25,15.4,0.27,967.41,962.86,997.48,1013.4,1026.32,0,1,0,0
2018/6/26,2018/6/26,15.87,0.14,968.77,964.8,994.44,1010.92,1025.21,0,1,0,0
2018/6/27,2018/6/27,16.62,-0.66,962.42,964.57,991.55,1008.06,1024.04,0,0,0,0
2018/6/28,2018/6/28,12.32,0.02,962.58,965.19,989.4,1005.31,1022.87,0,0,0,0
2018/6/29,2018/6/29,18.42,1.6,978.01,967.84,987.8,1003.1,1021.82,0,1,0,0
2018/7/2,2018/7/2,11.06,-0.73,970.87,968.53,986.03,1000.6,1020.53,0,1,0,0
2018/7/3,2018/7/3,19.27,0.6,976.68,970.11,984.99,998.15,1019.38,0,1,0,0
2018/7/4,2018/7/4,14.35,-0.28,973.94,972.42,983.32,995.54,1018.18,0,1,0,0
2018/7/5,2018/7/5,14.25,-0.17,972.27,974.35,981.34,993.1,1016.93,0,0,0,0
2018/7/6,2018/7/6,17.01,0.02,972.49,973.25,979.25,990.75,1015.7,0,0,0,0
2018/7/9,2018/7/9,16.73,0.96,981.79,975.43,977.9,988.98,1014.59,1,1,0,0
2018/7/10,2018/7/10,11.95,0.26,984.34,976.97,976.72,987.47,1013.58,1,1,0,0
2018/7/11,2018/7/11,12.38,-0.51,979.31,978.04,975.08,986.11,1012.53,1,1,0,0
2018/7/12,2018/7/12,16.47,1.31,992.14,982.01,974.3,985.66,1011.75,1,1,1,0
2018/7/13,2018/7/13,11.64,0.21,994.27,986.37,973.83,985.13,1011.09,1,1,1,0
2018/7/16,2018/7/16,10.72,-0.23,992.03,988.42,973.81,984.66,1010.3,1,1,1,0
2018/7/17,2018/7/17,11.77,0.32,995.18,990.59,975.62,984.58,1009.52,1,1,1,0
2018/7/18,2018/7/18,11.58,0.27,997.87,994.3,977.33,984.27,1008.9,1,1,1,0
2018/7/19,2018/7/19,10.7,0.2,999.85,995.84,979.35,983.87,1008.56,1,1,1,0
2018/7/20,2018/7/20,19.36,0.85,1008.4,998.67,981.53,983.67,1008.14,1,1,1,1
2018/7/23,2018/7/23,20.98,0.22,1010.62,1002.38,983.69,983.73,1007.77,1,1,1,1
2018/7/24,2018/7/24,21.21,0.37,1014.33,1006.21,985.97,983.95,1007.57,1,1,1,1
2018/7/25,2018/7/25,18.27,-0.03,1014.02,1009.44,988.55,984.01,1007.34,1,1,1,1
2018/7/26,2018/7/26,14.32,-0.74,1006.56,1010.79,990.75,983.97,1007.02,1,0,1,0
2018/7/27,2018/7/27,12.55,-0.34,1003.18,1009.74,992.01,983.96,1006.56,1,0,1,0
2018/7/30,2018/7/30,11.47,-0.65,996.69,1006.96,993.3,984.1,1005.93,1,0,1,0
2018/7/31,2018/7/31,9.53,0.06,997.3,1003.55,994.33,985.37,1005.13,1,0,1,0
2018/8/1,2018/8/1,12.71,-0.42,993.12,999.37,995.29,986.36,1004.18,0,0,1,0
2018/8/2,2018/8/2,15.53,-0.69,986.29,995.32,995.99,987.25,1003.12,0,0,0,0
2018/8/3,2018/8/3,13.04,-0.25,983.82,991.44,996.56,987.88,1001.98,0,0,0,0
2018/8/6,2018/8/6,11.48,-0.78,976.19,987.34,996.28,988.18,1000.79,0,0,0,0
2018/8/7,2018/8/7,19.3,0.89,984.88,984.86,996.3,988.71,999.82,0,1,0,0
2018/8/8,2018/8/8,11.4,-0.46,980.32,982.3,996.35,989.31,998.69,0,0,0,0
2018/8/9,2018/8/9,17.5,1,990.12,983.07,996.25,990.23,997.77,0,1,0,0
2018/8/10,2018/8/10,13.14,0.13,991.39,984.58,996.11,990.68,996.89,0,1,1,0
2018/8/13,2018/8/13,13.53,0.04,991.76,987.69,996.09,991.37,995.99,0,1,1,0
2018/8/14,2018/8/14,8.24,-0.44,987.38,988.19,995.7,991.73,994.94,0,0,0,0
2018/8/15,2018/8/15,11.71,-0.63,981.18,988.37,994.87,991.97,993.75,0,0,0,0
2018/8/16,2018/8/16,12.99,-0.18,979.43,986.23,993.85,992.21,992.65,0,0,0,0
2018/8/17,2018/8/17,10.47,-0.37,975.85,983.12,992.22,992.32,991.53,0,0,0,0
2018/8/20,2018/8/20,10.46,-0.14,974.49,979.67,990.42,992.08,990.53,0,0,0,0
2018/8/21,2018/8/21,16.17,0.59,980.21,978.23,988.71,991.94,989.71,0,1,0,0
2018/8/22,2018/8/22,11.03,-0.27,977.61,977.52,986.89,991.88,989,0,1,0,0
2018/8/23,2018/8/23,11.68,0.17,979.24,977.48,985.52,991.45,988.56,0,1,0,0
2018/8/24,2018/8/24,18.32,0.15,980.74,978.46,984.4,991,988.07,0,1,0,0
2018/8/27,2018/8/27,19.89,0.69,987.49,981.06,983.94,990.85,987.76,1,1,0,0
2018/8/28,2018/8/28,17.91,0.37,991.17,983.25,983.63,990.72,987.65,1,1,1,1
2018/8/29,2018/8/29,12.01,-0.25,988.72,985.47,983.41,990.41,987.34,1,1,0,1
2018/8/30,2018/8/30,12.02,-0.43,984.41,986.51,983.32,989.9,986.88,1,0,0,0
2018/8/31,2018/8/31,12.4,-0.11,983.36,987.03,983.3,989.06,986.37,1,0,0,0
2018/9/3,2018/9/3,10.84,-0.1,982.43,986.02,983.61,988.12,985.93,0,0,0,0
2018/9/4,2018/9/4,12.68,0.28,985.16,984.82,983.62,987.15,985.55,1,1,0,0
2018/9/5,2018/9/5,10.59,-0.34,981.79,983.43,983.7,986.08,985.04,0,0,0,0
2018/9/6,2018/9/6,10.04,-0.07,981.06,982.76,983.24,985.23,984.6,0,0,0,0
2018/9/7,2018/9/7,11.14,-0.02,980.86,982.26,982.72,984.48,984.22,0,0,0,0
2018/9/10,2018/9/10,11.67,-0.48,976.19,981.01,981.94,983.8,983.95,0,0,0,0
2018/9/11,2018/9/11,10.37,-0.01,976.13,979.21,981.38,983.09,984.23,0,0,0,0
2018/9/12,2018/9/12,10.46,-0.1,975.14,977.88,981.07,982.49,984.43,0,0,0,0
2018/9/13,2018/9/13,8.87,0.02,975.32,976.73,980.87,982.13,984.69,0,0,0,0
2018/9/14,2018/9/14,10.41,-0.12,974.2,975.4,980.79,981.81,984.85,0,0,0,0
2018/9/17,2018/9/17,10.05,-0.5,969.3,974.02,980.53,981.58,984.88,0,0,0,0
2018/9/18,2018/9/18,10.23,0.23,971.48,973.09,980.09,981.13,984.92,0,0,0,0
2018/9/19,2018/9/19,15.25,0.48,976.16,973.29,980.02,980.99,985.15,0,1,0,0
2018/9/20,2018/9/20,8.59,-0.08,975.39,973.31,979.82,980.5,985.37,0,1,0,0
2018/9/21,2018/9/21,17.12,0.61,981.36,974.74,979.86,980.17,985.42,1,1,1,0
2018/9/25,2018/9/25,10.08,-0.07,980.7,977.02,979.52,979.8,985.58,1,1,1,0
2018/9/26,2018/9/26,16.8,0.14,982.09,979.14,979.06,979.62,985.68,1,1,1,0
2018/9/27,2018/9/27,11.19,-0.43,977.84,979.48,978.52,979.51,985.74,0,0,0,0
2018/9/28,2018/9/28,12.18,0.21,979.88,980.37,978.29,979.53,985.87,1,0,1,0
2018/10/8,2018/10/8,8.25,-1.12,968.88,977.88,977.57,979.29,985.81,0,0,0,0
2018/10/9,2018/10/9,8.47,-0.25,966.48,975.03,976.77,979.03,985.55,0,0,0,0
2018/10/10,2018/10/10,8.09,-0.06,965.88,971.79,975.81,978.55,985.24,0,0,0,0
2018/10/11,2018/10/11,15.69,-1.61,950.34,966.29,974.23,977.64,984.76,0,0,0,0
2018/10/12,2018/10/12,10.6,0.14,951.69,960.65,972.77,976.72,984.09,0,0,0,0
2018/10/15,2018/10/15,6.42,-0.25,949.28,956.73,971.19,975.67,983.34,0,0,0,0
2018/10/16,2018/10/16,8.68,-0.5,944.54,952.35,969.6,974.24,982.55,0,0,0,0
2018/10/17,2018/10/17,8.55,-0.09,943.7,947.91,967.98,972.66,981.69,0,0,0,0
2018/10/18,2018/10/18,6.94,-0.68,937.28,945.3,966.09,970.94,980.68,0,0,0,0
2018/10/19,2018/10/19,12.03,0.7,943.88,943.74,964.52,969.59,979.74,0,1,0,0
2018/10/22,2018/10/22,24.12,1.2,955.23,944.93,963.57,968.66,978.86,0,1,0,0
2018/10/23,2018/10/23,9.71,-0.35,951.91,946.4,962.7,967.64,977.88,0,1,0,0
2018/10/24,2018/10/24,13.26,0.09,952.78,948.22,961.76,966.56,976.85,0,1,0,0
2018/10/25,2018/10/25,10.73,-0.16,951.22,951,960.52,965.54,975.81,0,1,0,0
2018/10/26,2018/10/26,8.5,0.32,954.22,953.07,959.46,964.65,974.94,0,1,0,0
2018/10/29,2018/10/29,7.75,-0.2,952.27,952.48,958,963.69,974.09,0,0,0,0
2018/10/30,2018/10/30,13.1,0.16,953.76,952.85,956.66,962.94,973.37,0,1,0,0
2018/10/31,2018/10/31,10.38,0.37,957.27,953.75,955.42,962.32,972.7,1,1,0,0
2018/11/1,2018/11/1,11.91,0.33,960.44,955.59,954.55,961.83,972.16,1,1,0,0
2018/11/2,2018/11/2,22.05,1.29,972.86,959.32,954.2,961.74,971.94,1,1,1,1
2018/11/5,2018/11/5,14.41,0.32,976,964.07,954.55,961.8,971.81,1,1,1,1
2018/11/6,2018/11/6,9.53,-0.33,972.8,967.87,954.87,961.92,971.75,1,1,1,1
2018/11/7,2018/11/7,7.72,0.02,972.97,971.01,955.22,961.97,971.55,1,1,1,1
2018/11/8,2018/11/8,7.87,-0.12,971.85,973.3,956.3,961.83,971.41,1,0,1,1
2018/11/9,2018/11/9,8.33,-0.37,968.27,972.38,957.13,961.59,971.05,1,0,1,0
2018/11/12,2018/11/12,10.63,0.59,973.99,971.98,958.36,961.34,970.76,1,1,1,1
2018/11/13,2018/11/13,13.94,0.54,979.23,973.26,960.1,961.29,970.55,1,1,1,1
2018/11/14,2018/11/14,23.52,0.33,982.5,975.17,962.04,961.31,970.46,1,1,1,1
2018/11/15,2018/11/15,19.12,0.83,990.69,978.94,964.71,961.74,970.62,1,1,1,1
2018/11/16,2018/11/16,20.71,0.48,995.46,984.37,967.29,962.26,970.89,1,1,1,1
2018/11/19,2018/11/19,19.43,0.09,996.37,988.85,969.34,963.17,971.23,1,1,1,1
2018/11/20,2018/11/20,11.55,-1.1,985.41,990.09,971.02,963.8,971.41,1,0,1,1
2018/11/21,2018/11/21,9.41,0.07,986.07,990.8,972.68,964.48,971.51,1,0,1,1
2018/11/22,2018/11/22,8.28,-0.02,985.83,989.83,974.41,965.66,971.65,1,0,1,1
2018/11/23,2018/11/23,10.49,-0.53,980.59,986.85,975.73,966.62,971.67,1,0,1,1
2018/11/26,2018/11/26,8.13,-0.02,980.41,983.66,977.14,967.66,971.67,1,0,1,1
2018/11/27,2018/11/27,7.71,0.17,982.11,983,978.56,968.91,971.58,1,0,1,1
2018/11/28,2018/11/28,9.51,0.49,986.94,983.18,980.04,970.35,971.51,1,1,1,1
2018/11/29,2018/11/29,10.44,-0.39,983.06,982.62,981.17,971.88,971.41,1,1,1,1
2018/11/30,2018/11/30,8.61,0.08,983.81,983.27,981.72,973.21,971.4,1,1,1,1
2018/12/3,2018/12/3,21.61,1.03,993.92,985.97,982.61,974.5,971.58,1,1,1,1
2018/12/4,2018/12/4,13.35,0.09,994.81,988.51,983.71,975.93,971.78,1,1,1,1
2018/12/5,2018/12/5,13.41,0.03,995.1,990.14,984.82,977.34,971.95,1,1,1,1
2018/12/6,2018/12/6,13.45,-0.26,992.57,992.04,985.86,978.72,972.13,1,1,1,1
2018/12/7,2018/12/7,8.17,0.02,992.76,993.83,987.08,980,972.32,1,0,1,1
2018/12/10,2018/12/10,10.68,-0.44,988.38,992.72,987.8,981.21,972.45,1,0,1,1
2018/12/11,2018/12/11,13.88,-0.05,987.92,991.35,988.24,982.35,972.65,0,0,1,1
2018/12/12,2018/12/12,12.21,0.04,988.33,989.99,988.53,983.38,972.85,0,0,1,1
2018/12/13,2018/12/13,19.5,0.5,993.26,990.13,988.66,984.48,973.15,1,1,1,1
2018/12/14,2018/12/14,11.61,-0.37,989.57,989.49,988.36,985.03,973.39,1,1,1,1
2018/12/17,2018/12/17,9.94,-0.21,987.45,989.31,987.92,985.41,973.61,0,0,1,1
2018/12/18,2018/12/18,11.01,-0.4,983.52,988.43,987.82,985.77,973.85,0,0,0,1
2018/12/19,2018/12/19,15.89,-0.41,979.48,986.66,987.49,985.99,973.98,0,0,0,1
2018/12/20,2018/12/20,14.4,-0.33,976.21,983.25,987.01,986.13,973.98,0,0,0,1
2018/12/21,2018/12/21,15.53,-0.51,971.21,979.57,986.54,986.23,973.91,0,0,0,0
2018/12/24,2018/12/24,11.22,0.11,972.29,976.54,986.14,986.18,973.76,0,0,0,0
2018/12/25,2018/12/25,15.76,-0.34,968.99,973.64,985.48,985.83,973.56,0,0,0,0
2018/12/26,2018/12/26,14.11,-0.02,968.77,971.49,984.57,985.38,973.34,0,0,0,0
2018/12/27,2018/12/27,12.31,-0.1,967.8,969.81,983.81,984.61,973.17,0,0,0,0
2018/12/28,2018/12/28,12.44,0.15,969.25,969.42,983.08,983.74,973,0,0,0,0
2019/1/2,2019/1/2,13.91,-0.24,966.91,968.34,981.73,982.76,972.96,0,0,0,0
2019/1/3,2019/1/3,14.58,0.2,968.8,968.31,980.43,982.2,973,0,1,0,0
2019/1/4,2019/1/4,18.1,0.87,977.2,969.99,979.53,981.91,973.19,0,1,0,1
2019/1/7,2019/1/7,21.5,1.21,988.97,974.23,979.35,982.01,973.84,1,1,1,1
2019/1/8,2019/1/8,22.88,0.23,991.24,978.62,979.28,982.37,974.5,1,1,1,1
2019/1/9,2019/1/9,33.39,0.62,997.4,984.72,979.73,982.93,975.3,1,1,1,1
2019/1/10,2019/1/10,28.61,0.24,999.76,990.91,980.32,983.52,976.22,1,1,1,1
2019/1/11,2019/1/11,27.4,0.38,1003.56,996.19,981.08,984.08,977.22,1,1,1,1
2019/1/14,2019/1/14,20.48,-0.28,1000.74,998.54,981.46,984.67,978.27,1,1,1,1
2019/1/15,2019/1/15,21.96,0.52,1005.96,1001.48,982.28,985.4,979.31,1,1,1,1
2019/1/16,2019/1/16,20.82,0.14,1007.35,1003.47,983.27,985.85,980.18,1,1,1,1
2019/1/17,2019/1/17,18.16,-0.31,1004.23,1004.37,984.31,986.17,981.05,1,0,1,1
2019/1/18,2019/1/18,18.19,0.19,1006.15,1004.89,985.64,986.53,981.94,1,1,1,1
2019/1/21,2019/1/21,24.3,0.25,1008.71,1006.48,987.26,987.07,982.9,1,1,1,1
2019/1/22,2019/1/22,20.98,-0.31,1005.62,1006.41,988.98,987.5,983.75,1,0,1,1
2019/1/23,2019/1/23,17.26,0.12,1006.88,1006.32,990.71,988.12,984.66,1,1,1,1
2019/1/24,2019/1/24,22.73,0.52,1012.15,1007.9,992.87,988.93,985.64,1,1,1,1
2019/1/25,2019/1/25,29.84,0.48,1016.99,1010.07,995.28,989.88,986.63,1,1,1,1
2019/1/28,2019/1/28,23.38,-0.4,1012.97,1010.92,997.54,990.54,987.51,1,1,1,1
2019/1/29,2019/1/29,22.56,-0.46,1008.27,1011.45,999.49,991.16,988.1,1,0,1,1
2019/1/30,2019/1/30,16.67,-0.13,1006.98,1011.47,1001.5,991.81,988.61,1,0,1,1
2019/1/31,2019/1/31,21.15,-0.05,1006.44,1010.33,1003.38,992.58,989.17,1,0,1,1
2019/2/1,2019/2/1,19.3,1.06,1017.14,1010.36,1005.38,993.83,989.91,1,1,1,1
2019/2/11,2019/2/11,21.79,1.05,1027.81,1013.33,1007.32,995.55,990.84,1,1,1,1
2019/2/12,2019/2/12,30.51,0.61,1034.08,1018.49,1009.46,997.65,991.94,1,1,1,1
2019/2/13,2019/2/13,39.74,0.92,1043.56,1025.81,1011.77,1000.02,993.1,1,1,1,1
2019/2/14,2019/2/14,30.82,0.43,1048.1,1034.14,1014.18,1002.66,994.25,1,1,1,1
2019/2/15,2019/2/15,29.49,-0.29,1045.07,1039.72,1016.26,1005.2,995.29,1,1,1,1
2019/2/18,2019/2/18,36.84,1.62,1061.98,1046.56,1019.32,1008.34,996.48,1,1,1,1
2019/2/19,2019/2/19,49.91,-0.47,1057.04,1051.15,1021.88,1011.27,997.5,1,1,1,1
2019/2/20,2019/2/20,37.86,0.31,1060.3,1054.5,1024.52,1014.38,998.57,1,1,1,1
2019/2/21,2019/2/21,47.38,0.45,1065.03,1057.88,1027.56,1017.59,999.9,1,1,1,1
2019/2/22,2019/2/22,62.61,1.27,1078.59,1064.59,1031.19,1020.97,1001.44,1,1,1,1
2019/2/25,2019/2/25,111.73,2.7,1107.73,1073.74,1036.14,1024.93,1003.47,1,1,1,1
2019/2/26,2019/2/26,100.47,-0.59,1101.15,1082.56,1040.91,1028.59,1005.48,1,1,1,1
2019/2/27,2019/2/27,103.83,-0.33,1097.52,1090,1045.44,1031.93,1007.43,1,1,1,1
2019/2/28,2019/2/28,82.81,0.15,1099.22,1096.84,1049.8,1035.24,1009.38,1,1,1,1
2019/3/1,2019/3/1,88.93,0.37,1103.31,1101.79,1054.11,1038.57,1011.32,1,1,1,1
2019/3/4,2019/3/4,125.28,1.18,1116.38,1103.52,1059.29,1042.42,1013.54,1,1,1,1
2019/3/5,2019/3/5,95.37,1.73,1135.73,1110.43,1065.66,1046.75,1016.08,1,1,1,1
2019/3/6,2019/3/6,110.42,1.19,1149.2,1120.77,1072.77,1051.48,1018.66,1,1,1,1
2019/3/7,2019/3/7,117.28,0.03,1149.56,1130.84,1079.92,1056.32,1021.24,1,1,1,1
2019/3/8,2019/3/8,115.5,-2.06,1125.92,1135.36,1085.36,1060.31,1023.42,1,0,1,1
2019/3/11,2019/3/11,110.54,2.25,1151.2,1142.32,1091.53,1065.06,1026.07,1,1,1,1
2019/3/12,2019/3/12,127.96,1.24,1165.46,1148.27,1098.1,1070.39,1028.95,1,1,1,1
2019/3/13,2019/3/13,94.86,-1.07,1153.03,1149.03,1103.58,1075.26,1031.69,1,1,1,1
2019/3/14,2019/3/14,73.3,-1.91,1130.99,1145.32,1107.72,1079.23,1034.08,1,0,1,1
2019/3/15,2019/3/15,70.13,1.08,1143.2,1148.78,1112.63,1083.43,1036.66,1,0,1,1
2019/3/18,2019/3/18,76.65,1.91,1164.99,1151.53,1117.78,1088.5,1039.52,1,1,1,1
2019/3/19,2019/3/19,69.96,0.83,1174.62,1153.37,1123.66,1094.04,1042.6,1,1,1,1
2019/3/20,2019/3/20,72.44,-0.22,1172.07,1157.17,1129.25,1099.55,1045.68,1,1,1,1
2019/3/21,2019/3/21,101.19,1.16,1185.67,1168.11,1135.28,1105.52,1049.05,1,1,1,1
2019/3/22,2019/3/22,65.25,-0.04,1185.16,1176.5,1140.61,1111.12,1052.48,1,1,1,1
2019/3/25,2019/3/25,68.27,-0.99,1173.43,1178.19,1143.89,1115.98,1055.76,1,0,1,1
2019/3/26,2019/3/26,68.12,-2.18,1147.82,1172.83,1146.22,1119.77,1058.71,1,0,1,1
2019/3/27,2019/3/27,66.41,0.34,1151.67,1168.75,1148.93,1123.37,1061.7,1,0,1,1
2019/3/28,2019/3/28,52.02,-0.42,1146.81,1160.98,1151.31,1126.66,1064.66,0,0,1,1
2019/3/29,2019/3/29,74.68,1.77,1167.08,1157.36,1154.5,1130.73,1067.97,1,1,1,1
2019/4/1,2019/4/1,111.09,2.71,1198.77,1162.43,1158.62,1135.29,1071.82,1,1,1,1
2019/4/2,2019/4/2,91.97,0.36,1203.1,1173.49,1161.99,1140.16,1075.71,1,1,1,1
2019/4/3,2019/4/3,78.56,0.37,1207.58,1184.67,1164.91,1145.07,1079.72,1,1,1,1
2019/4/4,2019/4/4,115.62,0.65,1215.39,1198.38,1168.2,1150.08,1083.83,1,1,1,1
2019/4/8,2019/4/8,102.15,-0.2,1213.01,1207.57,1172.55,1154.56,1087.76,1,1,1,1
2019/4/9,2019/4/9,69.15,-0.71,1204.44,1208.7,1175.21,1157.78,1091.36,1,0,1,1
2019/4/10,2019/4/10,62.54,-0.57,1197.54,1207.59,1176.82,1161,1094.79,1,0,1,1
2019/4/11,2019/4/11,68.32,-1.47,1179.97,1202.07,1178.17,1163.74,1097.84,1,0,1,1
2019/4/12,2019/4/12,62.35,0.19,1182.2,1195.43,1180.73,1166.51,1100.88,1,0,1,1
2019/4/15,2019/4/15,75.02,-0.71,1173.82,1187.59,1182.26,1168.86,1103.71,0,0,1,1
2019/4/16,2019/4/16,91.46,0.55,1180.31,1182.77,1183.02,1170.99,1106.71,0,0,1,1
2019/4/17,2019/4/17,102.79,0.54,1186.72,1180.6,1183.63,1172.69,1109.72,1,1,1,1
2019/4/18,2019/4/18,88.7,-0.04,1186.3,1181.87,1184.34,1173.93,1112.7,1,1,1,1
2019/4/19,2019/4/19,86.15,0.25,1189.3,1183.29,1184.52,1175.25,1115.79,1,1,1,1
2019/4/22,2019/4/22,91.56,-0.48,1183.55,1185.24,1184.44,1177.17,1118.74,0,0,1,1
2019/4/23,2019/4/23,94.03,-1.41,1166.9,1182.55,1184.11,1177.7,1121.38,0,0,0,1
2019/4/24,2019/4/24,92.32,-0.22,1164.34,1178.08,1184.94,1177.66,1124.03,0,0,0,1
2019/4/25,2019/4/25,80.9,-1.75,1143.98,1169.61,1184.56,1177.36,1126.31,0,0,0,1
2019/4/26,2019/4/26,88.28,-0.72,1135.78,1158.91,1184,1177.52,1128.37,0,0,0,1
2019/4/29,2019/4/29,79.29,-1.35,1120.38,1146.28,1181.67,1176.76,1130.09,0,0,0,0
2019/4/30,2019/4/30,61.89,0.76,1128.87,1138.67,1178.17,1175.55,1132.03,0,0,0,0
2019/5/6,2019/5/6,95.61,-3.28,1091.88,1124.18,1172.61,1172.79,1133.42,0,0,0,0
2019/5/7,2019/5/7,89.07,0.58,1098.19,1115.02,1167.14,1170.33,1134.94,0,0,0,0
2019/5/8,2019/5/8,79.44,0.41,1102.64,1108.39,1161.51,1167.56,1136.54,0,0,0,0
2019/5/9,2019/5/9,82.48,0.04,1103.08,1104.93,1156.01,1164.83,1137.98,0,0,0,0
2019/5/10,2019/5/10,103.67,1.88,1123.8,1103.92,1151.98,1163.17,1139.58,0,1,0,0
2019/5/13,2019/5/13,68.85,-0.47,1118.49,1109.24,1148.03,1162.2,1140.98,0,1,0,0
2019/5/14,2019/5/14,73.16,0.2,1120.68,1113.74,1145.06,1161.16,1142.27,0,1,0,0
2019/5/15,2019/5/15,80.14,1.27,1134.93,1120.2,1142.7,1160.77,1143.71,0,1,0,0
2019/5/16,2019/5/16,59.52,0.22,1137.46,1127.07,1140.88,1159.78,1145.25,0,1,0,0
2019/5/17,2019/5/17,65.12,-1.56,1119.69,1126.25,1137.85,1157.14,1146.22,0,0,0,0
2019/5/20,2019/5/20,62.89,-0.66,1112.33,1125.02,1134.13,1154.12,1147.14,0,0,0,0
2019/5/21,2019/5/21,70.52,0.62,1119.26,1124.73,1130.78,1151.17,1148.12,0,0,0,0
2019/5/22,2019/5/22,55.26,-0.06,1118.59,1121.47,1127.24,1147.95,1149.01,0,0,0,0
2019/5/23,2019/5/23,40.88,-0.85,1109.06,1115.79,1123.52,1144.48,1149.52,0,0,0,0
2019/5/24,2019/5/24,42.12,-0.17,1107.11,1113.27,1120.53,1141.24,1149.51,0,0,0,0
2019/5/27,2019/5/27,56.96,0.46,1112.21,1113.25,1117.92,1138.39,1149.69,0,0,0,0
2019/5/28,2019/5/28,52.24,0.14,1113.71,1112.14,1116.41,1136.19,1149.96,0,1,0,0
2019/5/29,2019/5/29,39.97,0.03,1114.07,1111.23,1115.32,1133.91,1150.21,0,1,0,0
2019/5/30,2019/5/30,45.65,-0.6,1107.33,1110.89,1114.67,1131.7,1150.28,0,0,0,0
2019/5/31,2019/5/31,45.42,-0.16,1105.53,1110.57,1113.5,1129.21,1150.1,0,0,0,0
2019/6/3,2019/6/3,54.22,-0.82,1096.47,1107.42,1113.73,1126.2,1149.44,0,0,0,0
2019/6/4,2019/6/4,53.13,-0.9,1086.63,1102.01,1113.15,1122.87,1148.4,0,0,0,0
2019/6/5,2019/6/5,56.34,-0.09,1085.66,1096.32,1112.3,1119.42,1147.34,0,0,0,0
2019/6/6,2019/6/6,49.67,-0.91,1075.79,1090.02,1110.94,1115.83,1146.5,0,0,0,0
2019/6/10,2019/6/10,44.95,0.5,1081.14,1085.14,1108.81,1112.97,1145.33,0,0,0,0
2019/6/11,2019/6/11,71.09,1.77,1100.29,1085.9,1107.9,1110.83,1144.25,0,1,0,0
2019/6/12,2019/6/12,58.96,-0.34,1096.54,1087.88,1106.69,1109.25,1143.31,0,1,0,0
2019/6/13,2019/6/13,60.65,0.04,1096.96,1090.14,1104.79,1107.96,1142.74,0,1,0,0
2019/6/14,2019/6/14,49.94,-0.72,1089.07,1092.8,1102.37,1106.92,1141.84,0,0,0,0
2019/6/17,2019/6/17,44.38,-0.18,1087.1,1093.99,1100.74,1105.52,1140.54,0,0,0,0
2019/6/18,2019/6/18,50.81,-0.06,1086.46,1091.23,1099.45,1105.34,1139.07,0,0,0,0
2019/6/19,2019/6/19,58.76,0.64,1093.36,1090.59,1098.15,1105.18,1137.76,0,1,0,0
2019/6/20,2019/6/20,81.7,1.16,1106.05,1092.41,1097.53,1105.3,1136.43,1,1,1,0
2019/6/21,2019/6/21,62.15,0.98,1116.92,1097.98,1097.92,1105.76,1135.29,1,1,1,0
2019/6/24,2019/6/24,44.54,-0.06,1116.27,1103.81,1098.38,1105.51,1134.34,1,1,1,0
2019/6/25,2019/6/25,51.23,-0.47,1111.02,1108.72,1098.32,1105.26,1133.73,1,1,1,0
2019/6/26,2019/6/26,40.45,0.32,1114.55,1112.96,1098.36,1105.05,1133.11,1,1,1,0
2019/6/27,2019/6/27,74.97,0.6,1121.2,1115.99,1098.72,1104.59,1132.68,1,1,1,0
2019/6/28,2019/6/28,46.62,-0.01,1121.08,1116.82,1099.4,1104.05,1131.91,1,1,1,0
2019/7/1,2019/7/1,89.7,1.56,1138.6,1121.29,1101.06,1104.68,1130.91,1,1,1,1
2019/7/2,2019/7/2,86.96,-0.04,1138.09,1126.7,1103.14,1105.54,1129.83,1,1,1,1
2019/7/3,2019/7/3,74.09,-0.4,1133.57,1130.51,1105.49,1106.01,1128.59,1,1,1,1
2019/7/4,2019/7/4,82.67,-0.02,1133.31,1132.93,1107.87,1106.51,1127.23,1,1,1,1
2019/7/5,2019/7/5,64.79,-0.04,1132.87,1135.29,1110.72,1107.3,1125.89,1,0,1,1
2019/7/8,2019/7/8,49.26,-1.16,1119.73,1131.51,1112.65,1107.72,1124.48,1,0,1,0
2019/7/9,2019/7/9,46.95,-0.06,1119.09,1127.71,1113.59,1107.95,1123.17,1,0,1,0
2019/7/10,2019/7/10,40.16,-0.26,1116.22,1124.24,1114.58,1108.03,1122.11,1,0,1,0
2019/7/11,2019/7/11,41.76,-0.01,1116.06,1120.79,1115.53,1108.1,1121.01,1,0,1,0
2019/7/12,2019/7/12,36.59,0.19,1118.22,1117.86,1116.99,1108.46,1120.08,1,1,1,0
2019/7/15,2019/7/15,39.27,0.19,1120.37,1117.99,1118.65,1108.96,1119.08,1,1,1,1
2019/7/16,2019/7/16,38.41,0.1,1121.49,1118.47,1120.4,1109.79,1117.99,1,1,1,1
2019/7/17,2019/7/17,37.48,0.24,1124.24,1120.08,1121.95,1111.04,1116.96,1,1,1,1
2019/7/18,2019/7/18,32.78,-0.58,1117.73,1120.41,1122.53,1112.11,1115.77,0,0,1,1
2019/7/19,2019/7/19,38.61,0.18,1119.72,1120.71,1122.67,1113.58,1114.7,0,0,1,1
2019/7/22,2019/7/22,32.22,-0.8,1110.8,1118.8,1122.4,1114.57,1113.77,0,0,0,0
2019/7/23,2019/7/23,39.28,0.23,1113.35,1117.17,1122.51,1115,1112.92,0,0,0,1
2019/7/24,2019/7/24,48.87,0.32,1116.87,1115.69,1122.63,1115.68,1112.47,0,1,1,1
2019/7/25,2019/7/25,50.44,0.46,1121.97,1116.54,1122.67,1116.51,1112.24,0,1,1,1
2019/7/26,2019/7/26,50.65,0.47,1127.21,1118.04,1122.98,1117.78,1112.35,1,1,1,1
2019/7/29,2019/7/29,54.38,0.21,1129.57,1121.79,1122.52,1119.2,1112.36,1,1,1,1
2019/7/30,2019/7/30,63.31,0.47,1134.94,1126.11,1122.37,1120.82,1113.08,1,1,1,1
2019/7/31,2019/7/31,45.09,0.1,1136.05,1129.95,1122.49,1122.24,1113.71,1,1,1,1
2019/8/1,2019/8/1,52.72,-0.21,1133.63,1132.28,1122.51,1123.16,1114.23,1,1,1,1
2019/8/2,2019/8/2,58.94,-0.4,1129.12,1132.66,1122.32,1123.56,1114.66,1,0,1,1
2019/8/5,2019/8/5,51.16,-0.57,1122.7,1131.29,1122.47,1123.78,1114.64,1,0,0,1
2019/8/6,2019/8/6,52.12,-0.77,1114.05,1127.11,1122.22,1123.88,1114.57,0,0,0,0
2019/8/7,2019/8/7,42.92,0.42,1118.78,1123.66,1122.34,1124.02,1114.54,0,0,0,1
2019/8/8,2019/8/8,54.87,0.26,1121.69,1121.27,1122.62,1124.04,1114.32,0,1,0,1
2019/8/9,2019/8/9,45.4,-0.1,1120.52,1119.55,1122.74,1124.02,1114.03,0,1,0,1
2019/8/12,2019/8/12,53.35,0.45,1125.57,1120.12,1123,1123.58,1114.13,1,1,1,1
2019/8/13,2019/8/13,44.43,-0.04,1125.17,1122.35,1123.18,1123.15,1114.35,1,1,1,1
2019/8/14,2019/8/14,48.13,0.17,1127.06,1124,1123.32,1122.94,1114.48,1,1,1,1
2019/8/15,2019/8/15,45.03,0.15,1128.79,1125.42,1123.88,1122.79,1114.65,1,1,1,1
2019/8/16,2019/8/16,48.65,0.45,1133.85,1128.09,1124.58,1122.82,1115.06,1,1,1,1
2019/8/19,2019/8/19,70.7,1.29,1148.45,1132.66,1126.47,1123.78,1115.75,1,1,1,1
2019/8/20,2019/8/20,66.78,0.06,1149.15,1137.46,1128.26,1124.78,1116.36,1,1,1,1
2019/8/21,2019/8/21,67.22,0.05,1149.71,1141.99,1129.9,1125.89,1116.96,1,1,1,1
2019/8/22,2019/8/22,52.59,-0.02,1149.43,1146.12,1131.27,1127.01,1117.55,1,1,1,1
2019/8/23,2019/8/23,64.6,0.22,1151.95,1149.74,1132.51,1128.13,1118.3,1,1,1,1
2019/8/26,2019/8/26,63.95,-0.18,1149.85,1150.02,1133.52,1129.11,1119.04,1,0,1,1
2019/8/27,2019/8/27,73.87,0.73,1158.25,1151.84,1134.69,1130.34,1120.06,1,1,1,1
2019/8/28,2019/8/28,59.63,0.16,1160.07,1153.91,1135.89,1131.53,1121.29,1,1,1,1
2019/8/29,2019/8/29,49.5,-0.02,1159.81,1155.99,1137.2,1132.94,1122.52,1,1,1,1
2019/8/30,2019/8/30,47.22,-0.26,1156.84,1156.96,1138.58,1134.17,1123.88,1,0,1,1
2019/9/2,2019/9/2,55.11,0.69,1164.78,1159.95,1140.69,1135.97,1125.27,1,1,1,1
2019/9/3,2019/9/3,53.35,0.31,1168.37,1161.97,1143.4,1137.81,1126.4,1,1,1,1
2019/9/4,2019/9/4,52.95,0.19,1170.59,1164.08,1146,1139.6,1127.64,1,1,1,1
2019/9/5,2019/9/5,93.34,0.81,1180.05,1168.13,1148.91,1141.53,1129.02,1,1,1,1
2019/9/6,2019/9/6,60.4,0.49,1185.83,1173.92,1152.18,1143.49,1130.64,1,1,1,1
2019/9/9,2019/9/9,79,1.04,1198.21,1180.61,1155.81,1145.78,1132.49,1,1,1,1
2019/9/10,2019/9/10,58.7,0.16,1200.14,1186.96,1159.56,1147.95,1134.38,1,1,1,1
2019/9/11,2019/9/11,54.45,-0.41,1195.19,1191.88,1162.97,1149.92,1136.08,1,1,1,1
2019/9/12,2019/9/12,53.78,0.1,1196.38,1195.15,1166.34,1152.01,1137.58,1,1,1,1
2019/9/16,2019/9/16,43.98,-0.05,1195.78,1197.14,1169.44,1154.23,1138.9,1,0,1,1
2019/9/17,2019/9/17,53.93,-1.2,1181.49,1193.8,1171.09,1156.19,1139.99,1,0,1,1
2019/9/18,2019/9/18,49.62,0.01,1181.62,1190.09,1172.72,1158.45,1141.16,1,0,1,1
2019/9/19,2019/9/19,41.79,0.42,1186.65,1188.38,1174.56,1160.71,1142.36,1,0,1,1
2019/9/20,2019/9/20,37.97,0.41,1191.51,1187.41,1176.67,1163.04,1143.54,1,1,1,1
2019/9/23,2019/9/23,36.52,-0.46,1185.97,1185.45,1178.37,1165.22,1144.62,1,1,1,1
2019/9/24,2019/9/24,46.39,0.17,1187.93,1186.74,1180.27,1167.3,1145.44,1,1,1,1
2019/9/25,2019/9/25,40.8,-0.63,1180.44,1186.5,1181.38,1169.14,1146.15,0,0,1,1
2019/9/26,2019/9/26,36.84,-0.86,1170.31,1183.23,1181.89,1170.58,1146.76,0,0,0,1
2019/9/27,2019/9/27,37.31,0.24,1173.08,1179.55,1182.56,1172.06,1147.42,0,0,1,1
2019/9/30,2019/9/30,17.89,-0.16,1171.17,1176.59,1183.27,1173.3,1148.06,0,0,0,1
2019/10/8,2019/10/8,22.98,0,1171.14,1173.23,1183.59,1174.06,1148.92,0,0,0,1
2019/10/9,2019/10/9,33.29,0.16,1173.06,1171.75,1183.83,1174.85,1149.82,0,1,0,1
2019/10/10,2019/10/10,38.64,0.67,1180.87,1173.86,1184.34,1175.89,1150.89,0,1,1,1
2019/10/11,2019/10/11,41.31,0.28,1184.24,1176.1,1184.55,1177.05,1152.03,0,1,1,1
2019/10/14,2019/10/14,66.62,0.64,1191.8,1180.22,1184.85,1178.38,1153.26,1,1,1,1
2019/10/15,2019/10/15,40.36,-0.47,1186.25,1183.24,1184.25,1179.59,1154.35,1,1,1,1
2019/10/16,2019/10/16,26.23,-0.23,1183.55,1185.34,1183.42,1180.44,1155.39,1,0,1,1
2019/10/17,2019/10/17,23.2,-0.03,1183.21,1185.81,1182.82,1181.21,1156.37,1,0,1,1
2019/10/18,2019/10/18,29.7,-0.41,1178.42,1184.65,1181.92,1181.83,1157.38,0,0,0,1
2019/10/21,2019/10/21,25.32,-0.48,1172.77,1180.84,1180.77,1182.36,1158.27,0,0,0,1
2019/10/22,2019/10/22,25.25,0.27,1175.95,1178.78,1180.5,1182.73,1159.35,0,0,0,1
2019/10/23,2019/10/23,25.38,-0.16,1174.08,1176.89,1180.12,1182.92,1160.36,0,0,0,1
2019/10/24,2019/10/24,26.25,-0.29,1170.7,1174.38,1179.32,1182.93,1161.26,0,0,0,1
2019/10/25,2019/10/25,26.79,0.46,1176.04,1173.91,1178.55,1182.79,1162.16,0,1,0,1
2019/10/28,2019/10/28,46.19,0.84,1185.96,1176.55,1178.55,1182.8,1163.14,1,1,1,1
2019/10/29,2019/10/29,43.74,-0.33,1182.05,1177.77,1178.25,1182.26,1164.02,1,1,0,1
2019/10/30,2019/10/30,35.09,-0.86,1171.85,1177.32,1177.82,1181.32,1164.63,0,0,0,1
2019/10/31,2019/10/31,31.97,-0.41,1167.08,1176.6,1177.66,1180.38,1165.15,0,0,0,1
2019/11/1,2019/11/1,35.88,0.36,1171.24,1175.64,1177.57,1179.54,1165.78,0,0,0,1
2019/11/4,2019/11/4,43.81,0.31,1174.86,1173.42,1177.76,1178.84,1166.54,0,1,0,1
2019/11/5,2019/11/5,48.01,0.37,1179.21,1172.85,1178.16,1178.77,1167.48,1,1,1,1
2019/11/6,2019/11/6,39.21,-0.15,1177.43,1173.96,1178.38,1178.63,1168.54,0,1,0,1
2019/11/7,2019/11/7,47.33,0.46,1182.87,1177.12,1178.48,1178.5,1169.6,1,1,1,1
2019/11/8,2019/11/8,37.92,-0.07,1182.07,1179.29,1178.37,1178.19,1170.61,1,1,1,1
2019/11/11,2019/11/11,29.86,-0.69,1173.95,1179.11,1177.48,1177.79,1171.5,0,0,0,1
2019/11/12,2019/11/12,26.64,-0.08,1172.97,1177.86,1176.81,1177.29,1172.29,0,0,0,1
2019/11/13,2019/11/13,22.45,-0.17,1170.97,1176.57,1176.18,1176.97,1173.05,0,0,0,0
2019/11/14,2019/11/14,27.32,0.14,1172.63,1174.52,1175.66,1177.05,1173.81,0,0,0,0
2019/11/15,2019/11/15,25.43,-0.4,1167.99,1171.7,1175.13,1176.88,1174.47,0,0,0,0
2019/11/18,2019/11/18,55.41,0.21,1170.46,1171,1175.02,1176.86,1175.08,0,0,0,0
2019/11/19,2019/11/19,50.63,0.6,1177.48,1171.91,1175.09,1177.07,1175.56,1,1,1,1
2019/11/20,2019/11/20,40.18,-0.08,1176.52,1173.02,1175.22,1177.18,1176.02,1,1,0,1
2019/11/21,2019/11/21,33.27,-0.27,1173.33,1173.16,1175.35,1176.93,1176.41,0,1,0,0
2019/11/22,2019/11/22,37.9,-0.31,1169.7,1173.5,1175.03,1176.45,1176.75,0,0,0,0
2019/11/25,2019/11/25,31.46,-0.1,1168.48,1173.1,1174.16,1175.67,1177.02,0,0,0,0
2019/11/26,2019/11/26,35.03,0.09,1169.57,1171.52,1173.53,1175.11,1177.35,0,0,0,0
2019/11/27,2019/11/27,29.08,-0.05,1169.01,1170.02,1173.39,1174.63,1177.53,0,0,0,0
2019/11/28,2019/11/28,26.7,-0.21,1166.5,1168.65,1173.36,1174.07,1177.64,0,0,0,0
2019/11/29,2019/11/29,28.2,-0.11,1165.18,1167.75,1173.06,1173.63,1177.73,0,0,0,0
2019/12/2,2019/12/2,24.47,-0.05,1164.62,1166.98,1172.55,1173.36,1177.86,0,0,0,0
2019/12/3,2019/12/3,31.06,0.14,1166.32,1166.33,1171.9,1173.04,1177.88,0,0,0,0
2019/12/4,2019/12/4,32.84,0.15,1168.07,1166.14,1171.43,1172.84,1177.88,0,1,0,0
2019/12/5,2019/12/5,41.16,0.49,1173.74,1167.59,1170.98,1172.94,1177.93,1,1,1,0
2019/12/6,2019/12/6,36.57,0.35,1177.82,1170.11,1170.77,1173,1177.9,1,1,1,0
2019/12/9,2019/12/9,35.54,0.17,1179.77,1173.14,1171.06,1172.79,1177.79,1,1,1,1
2019/12/10,2019/12/10,54.66,0.44,1185,1176.88,1171.66,1172.89,1177.57,1,1,1,1
2019/12/11,2019/12/11,51.83,0.23,1187.72,1180.81,1172.5,1173.42,1177.37,1,1,1,1
2019/12/12,2019/12/12,45.15,0.01,1187.87,1183.64,1173.26,1174.11,1177.24,1,1,1,1
2019/12/13,2019/12/13,56.66,0.55,1194.42,1186.96,1174.58,1174.88,1177.21,1,1,1,1
2019/12/16,2019/12/16,64.97,1.06,1207.09,1192.42,1176.41,1175.96,1177.4,1,1,1,1
2019/12/17,2019/12/17,86.2,0.85,1217.32,1198.88,1178.4,1177.23,1178,1,1,1,1
2019/12/18,2019/12/18,65.01,0.33,1221.32,1205.6,1180.64,1178.69,1178.66,1,1,1,1
2019/12/19,2019/12/19,52.05,-0.06,1220.58,1212.15,1183,1179.95,1179.23,1,1,1,1
2019/12/20,2019/12/20,55.88,-0.12,1219.15,1217.09,1185.48,1181.19,1179.69,1,1,1,1
2019/12/23,2019/12/23,40.81,-0.74,1210.14,1217.7,1187.56,1182.39,1180.09,1,0,1,1
2019/12/24,2019/12/24,46.72,0.92,1221.21,1218.48,1190.14,1184,1180.64,1,1,1,1
2019/12/25,2019/12/25,45.15,0.17,1223.27,1218.87,1192.86,1185.74,1181.36,1,1,1,1
2019/12/26,2019/12/26,69.97,0.62,1230.82,1220.92,1196.07,1187.68,1182.37,1,1,1,1
2019/12/27,2019/12/27,64.45,-0.18,1228.6,1222.81,1199.24,1189.7,1183.29,1,1,1,1
2019/12/30,2019/12/30,59.2,0.35,1232.86,1227.35,1202.65,1191.78,1184.32,1,1,1,1
2019/12/31,2019/12/31,53.22,0.61,1240.37,1231.18,1206.36,1193.88,1185.47,1,1,1,1
2020/1/2,2020/1/2,76.45,1.25,1255.85,1237.7,1210.75,1196.52,1186.85,1,1,1,1
2020/1/3,2020/1/3,65.8,0.17,1258.03,1243.14,1214.96,1199.35,1188.14,1,1,1,1
2020/1/6,2020/1/6,83.95,0.58,1265.39,1250.5,1219.34,1202.54,1189.49,1,1,1,1
2020/1/7,2020/1/7,75.52,0.72,1274.54,1258.84,1224.08,1206.07,1190.87,1,1,1,1
2020/1/8,2020/1/8,74.24,-0.57,1267.26,1264.21,1228.19,1209.33,1192.22,1,1,1,1
2020/1/9,2020/1/9,76.99,1.03,1280.35,1269.11,1232.82,1213.04,1193.83,1,1,1,1
2020/1/10,2020/1/10,67.02,-0.29,1276.6,1272.83,1237.26,1216.71,1195.39,1,1,1,1
2020/1/13,2020/1/13,76.2,0.68,1285.28,1276.81,1241.8,1220.71,1197.17,1,1,1,1
2020/1/14,2020/1/14,93.6,0.36,1289.86,1279.87,1245.94,1224.89,1199.12,1,1,1,1
2020/1/15,2020/1/15,71.83,-0.52,1283.14,1283.05,1249.23,1228.78,1200.91,1,1,1,1
2020/1/16,2020/1/16,55.92,-0.34,1278.84,1282.74,1252.11,1232.47,1202.66,1,0,1,1
2020/1/17,2020/1/17,73.92,0.02,1279.09,1283.24,1255.03,1235.99,1204.46,1,0,1,1
2020/1/20,2020/1/20,78.66,1.11,1293.31,1284.85,1258.74,1239.83,1206.42,1,1,1,1
2020/1/21,2020/1/21,83.52,-0.2,1290.77,1285.03,1262.77,1243.53,1208.16,1,1,1,1
2020/1/22,2020/1/22,103.64,0.51,1297.35,1287.87,1266.58,1247.28,1210.08,1,1,1,1
2020/1/23,2020/1/23,98.55,-1.89,1272.82,1286.67,1269.06,1250.12,1211.77,1,0,1,1
2020/2/3,2020/2/3,125.73,-4.94,1209.93,1272.84,1268.01,1250.85,1212.48,0,0,0,0
2020/2/4,2020/2/4,130.14,2.83,1244.13,1263,1268.79,1252.51,1213.7,0,0,0,1
2020/2/5,2020/2/5,146.48,1.71,1265.46,1257.94,1270.42,1254.45,1215.21,0,1,1,1
2020/2/6,2020/2/6,160.08,1.5,1284.45,1255.36,1272.62,1256.69,1216.96,1,1,1,1
2020/2/7,2020/2/7,136.78,-0.1,1283.23,1257.44,1273.99,1258.76,1218.72,1,1,1,1
2020/2/10,2020/2/10,138.03,0.89,1294.67,1274.39,1275.82,1261.23,1220.59,1,1,1,1
2020/2/11,2020/2/11,131.63,0.03,1295.08,1284.58,1277.31,1263.76,1222.47,1,1,1,1
2020/2/12,2020/2/12,145.44,1.43,1313.62,1294.21,1279.26,1267.21,1224.8,1,1,1,1
2020/2/13,2020/2/13,154.46,-0.23,1310.62,1299.44,1281.43,1270.19,1227.09,1,1,1,1
2020/2/14,2020/2/14,121.74,0.09,1311.85,1305.17,1283,1273.14,1229.44,1,1,1,1
2020/2/17,2020/2/17,157.5,1.78,1335.27,1313.29,1285.94,1276.62,1232.15,1,1,1,1
2020/2/18,2020/2/18,145.72,0.88,1346.95,1323.66,1289.02,1280.57,1235.13,1,1,1,1
2020/2/19,2020/2/19,138.08,0.25,1350.32,1331,1292.04,1284.48,1238.13,1,1,1,1
2020/2/20,2020/2/20,151.84,1.05,1364.57,1341.79,1296.12,1288.62,1241.25,1,1,1,1
2020/2/21,2020/2/21,175.12,0.94,1377.37,1354.9,1301.04,1292.67,1244.6,1,1,1,1
2020/2/24,2020/2/24,144.45,0.89,1389.61,1365.76,1306.57,1297.06,1248.2,1,1,1,1
2020/2/25,2020/2/25,171.63,-0.1,1388.15,1374,1311.31,1301.15,1251.84,1,1,1,1
2020/2/26,2020/2/26,139.71,-1.71,1364.36,1376.81,1314.99,1304.14,1255.11,1,0,1,1
2020/2/27,2020/2/27,131.01,-0.14,1362.48,1376.39,1318.25,1307.32,1258.32,1,0,1,1
2020/2/28,2020/2/28,159.09,-2.27,1331.53,1367.23,1321.18,1309.02,1261.03,1,0,1,1
2020/3/2,2020/3/2,167.67,1.34,1349.39,1359.18,1328.16,1311.45,1264.08,1,0,1,1
2020/3/3,2020/3/3,169.92,0.74,1359.36,1353.42,1333.92,1313.92,1267.32,1,1,1,1
2020/3/4,2020/3/4,123.47,0.06,1360.16,1352.58,1338.65,1316.26,1270.57,1,1,1,1
2020/3/5,2020/3/5,157.14,1.2,1376.51,1355.39,1343.26,1319.38,1274.08,1,1,1,1
2020/3/6,2020/3/6,143.73,0.2,1379.21,1364.93,1348.05,1322.72,1277.6,1,1,1,1
2020/3/9,2020/3/9,191.08,-1.5,1358.56,1366.76,1351.25,1325.37,1280.68,1,0,1,1
2020/3/10,2020/3/10,303.31,0.5,1365.38,1367.96,1354.76,1327.77,1283.8,1,0,1,1
2020/3/11,2020/3/11,311.39,0.12,1367.08,1369.35,1357.44,1330.32,1286.93,1,0,1,1
2020/3/12,2020/3/12,342.98,-0.66,1358.12,1365.67,1359.81,1332.34,1289.81,0,0,1,1
2020/3/13,2020/3/13,438.31,-0.38,1352.96,1360.42,1361.87,1335.01,1292.56,0,0,1,1
2020/3/16,2020/3/16,443.99,-1.87,1327.72,1354.25,1361.49,1338.94,1294.9,0,0,0,1
2020/3/17,2020/3/17,713.12,0.5,1334.34,1348.04,1360.86,1341.95,1297.23,0,0,0,1
2020/3/18,2020/3/18,793.62,0.67,1343.28,1343.28,1360.51,1344.54,1299.5,0,0,0,1
2020/3/19,2020/3/19,765.94,1.32,1361.08,1343.88,1360.33,1347.09,1301.89,1,1,1,1
2020/3/20,2020/3/20,869.6,2.03,1388.69,1351.02,1360.9,1350.61,1304.68,1,1,1,1
2020/3/23,2020/3/23,561.76,-4.39,1327.77,1351.03,1357.81,1351.71,1306.47,0,0,0,1
2020/3/24,2020/3/24,605.52,1.95,1353.69,1354.9,1356.08,1353.67,1308.71,0,0,1,1
2020/3/25,2020/3/25,680.07,2.75,1390.88,1364.42,1357.41,1356.24,1311.72,1,1,1,1
2020/3/26,2020/3/26,737.71,-0.36,1385.92,1369.39,1358.58,1358.75,1314.47,1,1,1,1
2020/3/27,2020/3/27,774.95,-0.69,1376.42,1366.94,1360.83,1360.9,1317.02,1,1,1,1
2020/3/30,2020/3/30,648.85,-0.02,1376.16,1376.61,1362.16,1362.27,1319.44,1,0,1,1
2020/3/31,2020/3/31,722.3,0.74,1386.34,1383.14,1363.51,1363.58,1322.07,1,1,1,1
2020/4/1,2020/4/1,778.41,0.57,1394.26,1383.82,1365.22,1365.04,1324.76,1,1,1,1
2020/4/2,2020/4/2,648.63,-0.95,1381.05,1382.85,1365.45,1365.59,1327.11,1,0,1,1
2020/4/3,2020/4/3,489.82,-1.41,1361.65,1379.89,1364.57,1365.07,1328.87,0,0,0,1
2020/4/7,2020/4/7,385.53,1.16,1377.48,1380.16,1365.51,1364.67,1330.86,1,0,1,1
2020/4/8,2020/4/8,301.42,-0.52,1370.32,1376.95,1365.76,1364.07,1332.61,1,0,1,1
2020/4/9,2020/4/9,271.48,-0.07,1369.39,1371.98,1365.88,1364.24,1334.19,1,0,1,1
2020/4/10,2020/4/10,251.95,-1.99,1342.18,1364.2,1365.08,1363.56,1335.44,0,0,0,1
2020/4/13,2020/4/13,234.42,-1.41,1323.3,1356.53,1363.6,1363.29,1336.16,0,0,0,0
2020/4/14,2020/4/14,353.77,1.87,1347.99,1350.64,1364.61,1363.24,1337.35,0,0,0,1
2020/4/15,2020/4/15,625.64,1.05,1362.15,1349,1366,1363.33,1338.63,0,1,0,1
2020/4/16,2020/4/16,602.19,0.97,1375.37,1350.2,1367.6,1363.84,1340.05,1,1,1,1
2020/4/17,2020/4/17,586.74,0.19,1378.02,1357.37,1368.45,1363.89,1341.63,1,1,1,1
2020/4/20,2020/4/20,527.22,1.39,1397.19,1372.14,1368.88,1364.49,1343.61,1,1,1,1
2020/4/21,2020/4/21,572.36,0.12,1398.85,1382.32,1372.43,1365.83,1345.6,1,1,1,1
2020/4/22,2020/4/22,672.16,1.02,1413.11,1392.51,1375.4,1367.43,1347.6,1,1,1,1
2020/4/23,2020/4/23,637.27,0.3,1417.32,1400.9,1376.72,1369.1,1349.71,1,1,1,1
2020/4/24,2020/4/24,667.37,-1.38,1397.79,1404.85,1377.32,1370.42,1351.38,1,0,1,1
2020/4/27,2020/4/27,499.74,0.77,1408.61,1407.14,1378.93,1372.28,1353.65,1,1,1,1
2020/4/28,2020/4/28,634.52,-0.06,1407.82,1408.93,1380.51,1374.95,1356.94,1,0,1,1
2020/4/29,2020/4/29,657.16,-0.48,1401.12,1406.53,1381.25,1377.17,1359.56,1,0,1,1
2020/4/30,2020/4/30,540.29,0.52,1408.33,1404.73,1381.95,1379.34,1361.94,1,1,1,1
2020/5/6,2020/5/6,367.26,0.74,1418.78,1408.93,1383.84,1381.26,1364.18,1,1,1,1
2020/5/7,2020/5/7,324.89,-1.99,1390.62,1405.33,1385.29,1381.33,1365.97,1,0,1,1
2020/5/8,2020/5/8,339.8,0.6,1398.92,1403.55,1386.36,1383.7,1367.71,1,0,1,1
2020/5/11,2020/5/11,319.94,0.31,1403.22,1403.97,1388,1385.35,1369.51,1,0,1,1
2020/5/12,2020/5/12,311.13,-0.07,1402.21,1402.75,1389.64,1385.73,1370.99,1,0,1,1
2020/5/13,2020/5/13,340.35,-0.14,1400.19,1399.03,1392.55,1386.21,1372.48,1,1,1,1
2020/5/14,2020/5/14,300,-0.95,1386.87,1398.28,1395.72,1386.55,1373.73,0,0,1,1
2020/5/15,2020/5/15,288.25,-0.43,1380.95,1394.69,1397.37,1386.71,1374.49,0,0,0,1
2020/5/18,2020/5/18,275.2,-1.05,1366.46,1387.34,1397.59,1386.05,1374.82,0,0,0,0
2020/5/19,2020/5/19,269.19,0.02,1366.75,1380.24,1397.16,1385.13,1375.09,0,0,0,0
2020/5/20,2020/5/20,336.05,-0.81,1355.68,1371.34,1396.04,1384.29,1374.94,0,0,0,0
2020/5/21,2020/5/21,357.62,-0.19,1353.08,1364.58,1393.83,1384,1374.54,0,0,0,0
2020/5/22,2020/5/22,297.79,-1.1,1338.22,1356.04,1390.8,1382.69,1373.68,0,0,0,0
2020/5/25,2020/5/25,289.7,-0.68,1329.08,1348.56,1386.6,1381.32,1372.7,0,0,0,0
2020/5/26,2020/5/26,281.88,1.24,1345.56,1344.32,1383.01,1380.52,1372.38,0,1,0,0
2020/5/27,2020/5/27,275.36,0.07,1346.46,1342.48,1380.45,1380.67,1372.12,0,1,0,0
2020/5/28,2020/5/28,215.52,-0.35,1341.72,1340.21,1377.1,1381.28,1372.28,0,1,0,0
2020/5/29,2020/5/29,270.74,0.87,1353.34,1343.23,1374.38,1381.46,1372.35,0,1,0,0
2020/6/1,2020/6/1,270.11,1.61,1375.14,1352.44,1373.08,1381.89,1372.61,1,1,0,1
2020/6/2,2020/6/2,271.68,0.15,1377.15,1358.76,1371.52,1381.95,1372.9,1,1,0,1
2020/6/3,2020/6/3,288.32,-0.05,1376.48,1364.77,1369.41,1381.9,1372.9,1,1,0,1
2020/6/4,2020/6/4,295.69,-0.08,1375.33,1371.49,1368.64,1381.17,1372.83,1,1,0,1
2020/6/5,2020/6/5,330.78,-0.24,1372.01,1375.22,1367.29,1380.28,1373.06,1,0,0,0
2020/6/8,2020/6/8,252.54,0.04,1372.57,1374.71,1365.76,1378.93,1373.18,1,0,0,0
2020/6/9,2020/6/9,245.13,0.07,1373.46,1373.97,1364.32,1377.46,1373.28,1,0,0,1
2020/6/10,2020/6/10,244.48,-0.18,1370.92,1372.86,1362.86,1376.57,1373.5,1,0,0,0
2020/6/11,2020/6/11,264.54,-0.18,1368.41,1371.47,1361.94,1375.23,1373.75,1,0,0,0
2020/6/12,2020/6/12,276.31,0.01,1368.59,1370.79,1361.32,1373.92,1374.43,1,0,0,0
2020/6/15,2020/6/15,277.34,0.11,1370.04,1370.28,1361.5,1372.88,1375.03,1,0,0,0
2020/6/16,2020/6/16,251.64,0.81,1381.14,1371.82,1362.22,1371.98,1375.66,1,1,1,1
2020/6/17,2020/6/17,252.23,0.17,1383.47,1374.33,1363.61,1370.8,1376.03,1,1,1,1
2020/6/18,2020/6/18,242.56,0.03,1383.9,1377.43,1365.15,1370.58,1375.95,1,1,1,1
2020/6/19,2020/6/19,247.03,0.21,1386.88,1381.09,1367.58,1370.18,1376.94,1,1,1,1
2020/6/22,2020/6/22,226.92,-0.18,1384.35,1383.95,1370.35,1369.55,1377.45,1,1,1,1
2020/6/23,2020/6/23,210.68,-0.61,1375.92,1382.9,1371.86,1368.67,1377.2,1,0,1,0
2020/6/24,2020/6/24,193.53,-0.16,1373.76,1380.96,1373.23,1367.79,1377,1,0,1,0
2020/6/29,2020/6/29,197.42,-0.47,1367.25,1377.63,1374.51,1367.14,1376.84,0,0,1,0
2020/6/30,2020/6/30,226.37,0.62,1375.7,1375.4,1375.62,1366.96,1376.84,1,1,1,0
2020/7/1,2020/7/1,229.06,0.3,1379.83,1374.49,1375.86,1367.41,1376.73,1,1,1,1
2020/7/2,2020/7/2,284.21,1.24,1396.93,1378.69,1376.85,1368.41,1376.77,1,1,1,1
2020/7/3,2020/7/3,339.83,1.15,1413.06,1386.55,1378.68,1370.32,1377.31,1,1,1,1
2020/7/6,2020/7/6,471.97,3,1455.43,1404.19,1382.68,1373.74,1378.87,1,1,1,1
2020/7/7,2020/7/7,454.61,0.68,1465.3,1422.11,1387.35,1377.97,1380.33,1,1,1,1
2020/7/8,2020/7/8,493.78,0.91,1478.65,1441.87,1392.65,1382.96,1382.14,1,1,1,1
2020/7/9,2020/7/9,554.11,1.39,1499.19,1462.33,1398.94,1388.08,1384.3,1,1,1,1
2020/7/10,2020/7/10,487.04,-0.96,1484.74,1476.66,1404.63,1392.69,1386.68,1,1,1,1
2020/7/13,2020/7/13,510.07,2.47,1521.37,1489.85,1412.28,1398.68,1389.98,1,1,1,1
2020/7/14,2020/7/14,525.71,-0.82,1508.89,1498.57,1419.29,1403.86,1392.66,1,1,1,1
2020/7/15,2020/7/15,485.77,-1.49,1486.44,1500.13,1425.11,1407.57,1394.73,1,0,1,1
2020/7/16,2020/7/16,450.54,-3.48,1434.76,1487.24,1427.79,1409.49,1395.72,1,0,1,1
2020/7/17,2020/7/17,479.63,0.23,1438.07,1477.91,1430.52,1411.55,1396.72,1,0,1,1
2020/7/20,2020/7/20,386.68,2.2,1469.71,1467.57,1434.81,1414.69,1397.93,1,1,1,1
2020/7/21,2020/7/21,375.02,0.36,1474.98,1460.79,1439.22,1418.12,1399.2,1,1,1,1
2020/7/22,2020/7/22,408.73,0.73,1485.81,1460.67,1444.29,1421.9,1400.41,1,1,1,1
2020/7/23,2020/7/23,407.48,0.04,1486.33,1470.98,1449.81,1425.66,1401.56,1,1,1,1
2020/7/24,2020/7/24,359.88,-2.46,1449.84,1473.33,1453.61,1428.29,1402.43,0,0,1,1
2020/7/27,2020/7/27,300.27,-0.31,1445.35,1468.46,1457.52,1430.86,1403.04,0,0,1,1
2020/7/28,2020/7/28,362.02,0.99,1459.7,1465.41,1461.72,1433.89,1403.91,0,0,1,1
2020/7/29,2020/7/29,374.77,1.43,1480.5,1464.34,1466.75,1437.57,1405.23,1,1,1,1
2020/7/30,2020/7/30,330.48,0.15,1482.72,1463.62,1471.04,1440.96,1406.47,1,1,1,1
2020/7/31,2020/7/31,370.5,0.73,1493.61,1472.38,1475.07,1444.63,1407.72,1,1,1,1
2020/8/3,2020/8/3,399.38,1.79,1520.3,1487.37,1478.31,1449.18,1409.88,1,1,1,1
2020/8/4,2020/8/4,371.6,-0.3,1515.73,1498.57,1480.83,1453.47,1411.83,1,1,1,1
2020/8/5,2020/8/5,398.85,0.86,1528.77,1508.23,1483.34,1458.29,1413.92,1,1,1,1
2020/8/6,2020/8/6,356.13,-0.26,1524.77,1516.64,1484.62,1463.25,1415.96,1,1,1,1
2020/8/7,2020/8/7,395.24,-0.11,1523.07,1522.53,1486.54,1468.23,1418.01,1,1,1,1
2020/8/10,2020/8/10,521.96,1.52,1546.25,1527.72,1487.78,1474.19,1420.66,1,1,1,1
2020/8/11,2020/8/11,626.63,-1.05,1529.97,1530.57,1488.83,1479.34,1423.15,1,0,1,1
2020/8/12,2020/8/12,766.59,-0.15,1527.72,1530.36,1490.9,1484.27,1425.84,1,0,1,1
2020/8/13,2020/8/13,764.61,0.73,1538.86,1533.17,1496.1,1489,1428.7,1,1,1,1
2020/8/14,2020/8/14,583.85,-0.32,1534.01,1535.36,1500.9,1493.03,1431.68,1,0,1,1
2020/8/17,2020/8/17,515.08,1.18,1552.16,1536.54,1505.02,1496.25,1434.99,1,1,1,1
2020/8/18,2020/8/18,496.52,0.49,1559.8,1542.51,1509.26,1499.4,1438.69,1,1,1,1
2020/8/19,2020/8/19,471.5,-0.5,1551.95,1547.36,1512.57,1501.85,1442.4,1,1,1,1
2020/8/20,2020/8/20,518.65,-0.56,1543.32,1548.25,1515.42,1503.32,1445.7,1,0,1,1
2020/8/21,2020/8/21,634.54,0.12,1545.14,1550.47,1520.18,1505.33,1449.01,1,0,1,1
2020/8/24,2020/8/24,406.32,-0.02,1544.9,1549.02,1525.16,1506.11,1452.4,1,0,1,1
2020/8/25,2020/8/25,390.39,0.02,1545.22,1546.11,1529.44,1507.33,1455.59,1,0,1,1
2020/8/26,2020/8/26,372.84,-1.04,1529.15,1541.55,1531.87,1508.75,1458.16,0,0,1,1
2020/8/27,2020/8/27,373,0.48,1536.55,1540.19,1534.56,1512.14,1460.82,1,0,1,1
2020/8/28,2020/8/28,345.47,0.43,1543.19,1539.8,1537.04,1515.65,1463.6,1,1,1,1
2020/8/31,2020/8/31,289.59,0.38,1549.08,1540.64,1538.48,1518.29,1466.49,1,1,1,1
2020/9/1,2020/9/1,298.64,0.42,1555.67,1542.73,1540.48,1520.98,1469.55,1,1,1,1
2020/9/2,2020/9/2,308.37,0.43,1562.36,1549.37,1542.16,1523.53,1472.72,1,1,1,1
2020/9/3,2020/9/3,331.78,-0.26,1558.3,1553.72,1543.83,1525.93,1475.8,1,1,1,1
2020/9/4,2020/9/4,289.39,-0.25,1554.37,1555.96,1545.4,1529.42,1478.85,1,0,1,1
2020/9/7,2020/9/7,272.43,-1.12,1537.01,1553.54,1544.94,1532.47,1481.66,0,0,1,1
2020/9/8,2020/9/8,261.97,-0.34,1531.8,1548.77,1545.03,1534.88,1484.38,0,0,0,1
2020/9/9,2020/9/9,295.28,-1.75,1504.94,1537.28,1543.89,1535.69,1486.63,0,0,0,1
2020/9/10,2020/9/10,248.64,-1.4,1483.88,1522.4,1541.14,1535.73,1488.34,0,0,0,0
2020/9/11,2020/9/11,216.21,0.6,1492.81,1510.09,1539.08,1535.7,1490.17,0,0,0,1
2020/9/14,2020/9/14,201.68,0.56,1501.15,1502.92,1536.53,1535.06,1492.12,0,0,0,1
2020/9/15,2020/9/15,211.9,0.21,1504.29,1497.41,1533.75,1534.68,1494.08,0,1,0,1
2020/9/16,2020/9/16,290,-0.32,1499.52,1496.33,1531.13,1533.71,1496,0,1,0,1
2020/9/17,2020/9/17,267.44,0.04,1500.14,1499.58,1528.97,1532.89,1498.07,0,1,0,1
2020/9/18,2020/9/18,255.75,0.54,1508.21,1502.66,1527.13,1532.39,1500.31,0,1,0,1
2020/9/21,2020/9/21,236.65,-0.01,1508.04,1504.04,1525.28,1531.12,1502.66,0,1,0,1
2020/9/22,2020/9/22,284.28,-0.68,1497.83,1502.75,1522.91,1530.05,1504.69,0,0,0,0
2020/9/23,2020/9/23,240.15,-0.05,1497.11,1502.27,1521.31,1529.03,1506.65,0,0,0,0
2020/9/24,2020/9/24,189.45,-1.57,1473.53,1496.94,1518.16,1526.85,1507.92,0,0,0,0
2020/9/25,2020/9/25,211.19,-0.42,1467.34,1488.77,1514.37,1524.63,1508.83,0,0,0,0
2020/9/28,2020/9/28,162.19,-0.85,1454.92,1478.15,1509.66,1521.38,1508.82,0,0,0,0
2020/9/29,2020/9/29,217.69,0.86,1467.47,1472.07,1505.25,1518.31,1508.85,0,0,0,0
2020/9/30,2020/9/30,227.4,0.21,1470.58,1466.77,1500.66,1515.59,1508.72,0,1,0,0
2020/10/9,2020/10/9,192.5,1.49,1492.52,1470.57,1497.37,1513.9,1508.61,0,1,0,0
2020/10/12,2020/10/12,274.95,1.64,1517.06,1480.51,1495.51,1512.96,1509.15,1,1,1,1
2020/10/13,2020/10/13,253.6,0.51,1524.72,1494.47,1494.89,1512.29,1509.2,1,1,1,1
2020/10/14,2020/10/14,242.26,-0.12,1522.92,1505.56,1494.45,1511.55,1509.44,1,1,1,1
2020/10/15,2020/10/15,208.7,-0.08,1521.7,1515.78,1495.29,1511.3,1510.02,1,1,1,1
2020/10/16,2020/10/16,256.68,-0.11,1520.09,1521.3,1497.1,1510.75,1511.45,1,0,1,1
2020/10/19,2020/10/19,329.75,0.28,1524.35,1522.76,1498.67,1510.12,1512.88,1,1,1,1
2020/10/20,2020/10/20,713.11,1.39,1545.46,1526.9,1500.89,1510,1514.15,1,1,1,1
2020/10/21,2020/10/21,835.04,0.17,1548.13,1531.95,1503.08,1509.75,1515.37,1,1,1,1
2020/10/22,2020/10/22,1187.13,2.22,1582.55,1544.12,1507.23,1510.42,1516.98,1,1,1,1
2020/10/23,2020/10/23,1924.24,-1.99,1551.12,1550.32,1509.78,1510.19,1518.06,1,1,1,1
2020/10/26,2020/10/26,1604.11,2.37,1587.87,1563.03,1513.77,1511.3,1520.36,1,1,1,1
2020/10/27,2020/10/27,1522.91,0.73,1599.41,1573.82,1518.33,1513.38,1522.93,1,1,1,1
2020/10/28,2020/10/28,1576.91,-0.7,1588.21,1581.83,1522.85,1515.26,1525.07,1,1,1,1
2020/10/29,2020/10/29,1293.86,-0.02,1587.94,1582.91,1527.39,1518.03,1526.86,1,1,1,1
2020/10/30,2020/10/30,948.53,-1.76,1560.04,1584.69,1531.72,1520.57,1528.15,1,0,1,1
2020/11/2,2020/11/2,568.81,-1.54,1535.97,1574.31,1535.15,1522.01,1528.85,1,0,1,1
2020/11/3,2020/11/3,423.17,-0.24,1532.27,1560.89,1539.02,1523.04,1529.05,0,0,1,1
2020/11/4,2020/11/4,460.76,0.33,1537.34,1550.71,1542.51,1524.15,1529.41,0,0,1,1
2020/11/5,2020/11/5,423.28,0.96,1552.13,1543.55,1546.59,1525.9,1529.8,1,1,1,1
2020/11/6,2020/11/6,376.67,-0.74,1540.6,1539.66,1548.99,1527.25,1530.07,0,1,1,1
2020/11/9,2020/11/9,401.88,1.2,1559.07,1544.28,1551.09,1528.94,1530.67,1,1,1,1
2020/11/10,2020/11/10,376.84,-0.47,1551.79,1548.19,1552.45,1530.4,1530.76,0,1,1,1
2020/11/11,2020/11/11,325.85,-0.53,1543.57,1549.43,1553.48,1531.93,1530.99,0,0,1,1
2020/11/12,2020/11/12,405.07,0.65,1553.59,1549.72,1555.08,1533.81,1531.42,0,1,1,1
2020/11/13,2020/11/13,844.74,0.95,1568.33,1555.27,1557.49,1536.97,1531.91,1,1,1,1
2020/11/16,2020/11/16,594.88,-0.28,1563.98,1556.25,1559.47,1540.19,1532.41,1,1,1,1
2020/11/17,2020/11/17,584.52,-0.96,1548.89,1555.67,1559.64,1543.32,1532.35,0,0,1,1
2020/11/18,2020/11/18,471.05,-0.12,1547.03,1556.36,1559.58,1545.97,1532.14,0,0,1,1
2020/11/19,2020/11/19,388.76,-0.28,1542.69,1554.18,1557.59,1548.38,1531.99,0,0,0,1
2020/11/20,2020/11/20,369.58,0.21,1546,1549.72,1557.34,1550.16,1532.03,0,0,0,1
2020/11/23,2020/11/23,363.36,0.46,1553.13,1547.55,1555.6,1551.36,1532.16,0,1,1,1
2020/11/24,2020/11/24,373.71,0.4,1559.38,1549.65,1553.6,1552.52,1532.41,1,1,1,1
2020/11/25,2020/11/25,417.96,-0.31,1554.59,1551.16,1551.92,1553.57,1532.56,1,1,1,1
2020/11/26,2020/11/26,461.85,-0.33,1549.46,1552.51,1549.99,1554.5,1532.9,0,0,0,1
2020/11/27,2020/11/27,415.84,-0.33,1544.3,1552.17,1549.21,1555.31,1533.03,0,0,0,1
2020/11/30,2020/11/30,428.77,0.01,1544.39,1550.42,1549.63,1555.97,1533.05,0,0,0,1
2020/12/1,2020/12/1,376.9,0.51,1552.27,1549,1550.63,1556.2,1533.1,1,1,0,1
2020/12/2,2020/12/2,364.69,-0.03,1551.79,1548.44,1551.35,1556.32,1533.04,1,1,0,1
2020/12/3,2020/12/3,373.75,-0.41,1545.47,1547.64,1551.02,1555.09,1532.76,0,0,0,1
2020/12/4,2020/12/4,379.18,0.22,1548.82,1548.55,1551.43,1555.01,1532.6,0,1,0,1
2020/12/7,2020/12/7,326.32,0.06,1549.75,1549.62,1550.96,1553.74,1532.52,0,1,0,1
2020/12/8,2020/12/8,327.28,-0.13,1547.74,1548.71,1550.76,1552.02,1532.7,0,0,0,1
2020/12/9,2020/12/9,338.97,-0.3,1543.16,1546.99,1550.74,1550.52,1532.89,0,0,0,1
2020/12/10,2020/12/10,659.27,0.12,1545.04,1546.9,1550.31,1549.09,1533.56,0,0,0,1
2020/12/11,2020/12/11,512.6,-1.28,1525.2,1542.18,1548.15,1547.92,1534.25,0,0,0,0
2020/12/14,2020/12/14,338.33,-0.05,1524.39,1537.11,1546.17,1547.54,1534.77,0,0,0,0
2020/12/15,2020/12/15,423.01,-0.77,1512.69,1530.1,1544.36,1546.89,1534.96,0,0,0,0
2020/12/16,2020/12/16,403.87,-0.67,1502.54,1521.97,1542.14,1545.73,1534.94,0,0,0,0
2020/12/17,2020/12/17,388.72,0.54,1510.65,1515.09,1540.54,1544.34,1535.12,0,0,0,0
2020/12/18,2020/12/18,397.16,0.24,1514.26,1512.91,1538.95,1543.47,1535.36,0,1,0,0
2020/12/21,2020/12/21,382.52,0.88,1527.54,1513.54,1537.67,1542.41,1535.68,0,1,0,0
2020/12/22,2020/12/22,526.73,-0.24,1523.8,1515.76,1535.89,1541.48,1535.94,0,1,0,0
2020/12/23,2020/12/23,697.97,-0.12,1522.02,1519.65,1534.26,1540.76,1536.34,0,1,0,0
2020/12/24,2020/12/24,636,-1.52,1498.91,1517.31,1531.74,1538.94,1536.37,0,0,0,0
2020/12/25,2020/12/25,586.67,0.58,1507.56,1515.97,1529.9,1536.91,1536.94,0,0,0,0
2020/12/28,2020/12/28,465.27,-0.51,1499.89,1510.44,1527.67,1534.78,1537.48,0,0,0,0
2020/12/29,2020/12/29,543.95,-0.05,1499.17,1505.51,1525.02,1533.12,1538.22,0,0,0,0
2020/12/30,2020/12/30,508.21,0.96,1513.59,1503.82,1523.11,1532.01,1538.99,0,1,0,0
2020/12/31,2020/12/31,486.23,1.01,1528.86,1509.81,1522.28,1531.55,1539.96,1,1,0,0
2021/1/4,2021/1/4,498.94,1.57,1552.85,1518.87,1522.48,1531.77,1540.97,1,1,1,1
2021/1/5,2021/1/5,646.27,0.71,1563.88,1531.67,1523.19,1532.13,1541.75,1,1,1,1
2021/1/6,2021/1/6,693.51,-0.35,1558.36,1543.51,1523.72,1532.1,1542.31,1,1,1,1
2021/1/7,2021/1/7,780.89,-0.92,1543.97,1549.58,1523.76,1531.74,1542.66,1,0,1,1
2021/1/8,2021/1/8,730.67,-0.52,1535.94,1551,1523.3,1531.29,1542.9,1,0,1,0
2021/1/11,2021/1/11,574.77,-0.62,1526.4,1545.71,1523.36,1530.7,1543,1,0,0,0
2021/1/12,2021/1/12,539.37,0.4,1532.56,1539.45,1523.77,1530.3,1543.14,1,0,1,0
2021/1/13,2021/1/13,593.02,-1.05,1516.43,1531.06,1523.96,1529.11,1542.65,0,0,0,0
2021/1/14,2021/1/14,578.64,0.3,1521.01,1526.47,1524.88,1528.08,1542.2,0,0,0,0
2021/1/15,2021/1/15,535.23,0.52,1528.94,1525.07,1525.8,1527.53,1541.31,1,1,1,0
2021/1/18,2021/1/18,478.92,0.91,1542.77,1528.34,1527.22,1527.33,1541.17,1,1,1,1
2021/1/19,2021/1/19,483.04,-0.01,1542.67,1530.36,1527.98,1527.09,1540.42,1,1,1,1
2021/1/20,2021/1/20,429.25,0.18,1545.52,1536.18,1529.06,1527.02,1539.52,1,1,1,1
2021/1/21,2021/1/21,448.39,0.47,1552.74,1542.53,1530.6,1527.34,1538.93,1,1,1,1
2021/1/22,2021/1/22,463.64,-0.27,1548.56,1546.45,1533.08,1527.46,1538.27,1,1,1,1
2021/1/25,2021/1/25,534.86,-0.38,1542.64,1546.43,1534.84,1528.04,1537.98,1,0,1,1
2021/1/26,2021/1/26,435.47,-0.91,1528.61,1543.61,1536.27,1528.18,1537.86,0,0,1,0
2021/1/27,2021/1/27,487.69,-1.14,1511.21,1536.75,1536.88,1528.13,1537.51,0,0,0,0
2021/1/28,2021/1/28,492.62,-1.26,1492.18,1524.64,1535.8,1527.78,1536.75,0,0,0,0
2021/1/29,2021/1/29,431.1,-2.14,1460.3,1506.99,1532.38,1526.1,1535.22,0,0,0,0
2021/2/1,2021/2/1,355.23,0.21,1463.39,1491.14,1527.9,1524.41,1533.94,0,0,0,0
2021/2/2,2021/2/2,443.1,0.26,1467.2,1478.86,1523.07,1522.4,1532.41,0,0,0,0
2021/2/3,2021/2/3,401.52,-0.75,1456.21,1467.86,1517.96,1520.14,1530.81,0,0,0,0
2021/2/4,2021/2/4,395.87,-1.78,1430.23,1455.47,1512.28,1517.09,1528.92,0,0,0,0
2021/2/5,2021/2/5,410.64,-1.61,1407.26,1444.86,1505.84,1514.03,1526.49,0,0,0,0
2021/2/8,2021/2/8,352.49,0.09,1408.47,1433.87,1499.94,1510.73,1523.82,0,0,0,0
2021/2/9,2021/2/9,354.09,1.86,1434.72,1427.38,1495.05,1508.55,1521.67,0,1,0,0
2021/2/10,2021/2/10,314.29,0.76,1445.67,1425.27,1491.52,1506.77,1519.95,0,1,0,0
2021/2/18,2021/2/18,318.05,1.37,1465.43,1432.31,1488.74,1505.17,1518.59,0,1,0,0
2021/2/19,2021/2/19,333.08,1.51,1487.59,1448.38,1486.67,1503.79,1517.67,1,1,0,0
2021/2/22,2021/2/22,426.99,1.22,1505.74,1467.83,1484.82,1502.22,1517,1,1,1,0
2021/2/23,2021/2/23,336.89,-0.7,1495.15,1479.92,1482.44,1499.93,1516.03,1,1,0,0
2021/2/24,2021/2/24,355.32,-0.77,1483.63,1487.51,1479.35,1497.44,1514.77,1,0,0,0
2021/2/25,2021/2/25,310.7,-0.63,1474.25,1489.27,1475.42,1495.11,1513.43,0,0,0,0
2021/2/26,2021/2/26,326.78,-0.25,1470.54,1485.86,1471.52,1492.93,1512.11,0,0,0,0
2021/3/1,2021/3/1,314.09,1.22,1488.46,1482.41,1468.81,1491.67,1511.18,1,1,0,0
2021/3/2,2021/3/2,335.56,-0.03,1488.09,1480.99,1466.79,1490.19,1510.24,1,1,0,0
2021/3/3,2021/3/3,325.82,0.96,1502.36,1484.74,1466.34,1489.72,1509.41,1,1,1,0
2021/3/4,2021/3/4,316.52,-0.71,1491.68,1488.23,1466.32,1488.74,1508.41,1,1,1,0
2021/3/5,2021/3/5,318.95,0.33,1496.59,1493.44,1468.13,1487.66,1507.6,1,1,1,0
2021/3/8,2021/3/8,316.28,-0.52,1488.77,1493.5,1469.4,1485.86,1506.6,1,0,1,0
2021/3/9,2021/3/9,395.9,-0.48,1481.55,1492.19,1470.12,1483.82,1505.46,1,0,0,0
2021/3/10,2021/3/10,514.04,0.96,1495.84,1490.89,1472.1,1482.17,1504.59,1,1,1,0
2021/3/11,2021/3/11,569.66,0.8,1507.73,1494.1,1475.98,1480.67,1504,1,1,1,1
2021/3/12,2021/3/12,459.58,0.31,1512.45,1497.27,1481.24,1479.46,1503.46,1,1,1,1
2021/3/15,2021/3/15,399.34,0.24,1516.11,1502.74,1486.62,1478.58,1503.31,1,1,1,1
2021/3/16,2021/3/16,383.47,0.3,1520.64,1510.55,1490.91,1478.31,1503.25,1,1,1,1
2021/3/17,2021/3/17,393.76,0.26,1524.65,1516.32,1494.86,1478.76,1503.45,1,1,1,1
2021/3/18,2021/3/18,339.04,-0.05,1523.92,1519.55,1497.79,1479.82,1503.8,1,1,1,1
2021/3/19,2021/3/19,358.67,-0.23,1520.4,1521.14,1499.43,1481.82,1503.96,1,0,1,1
2021/3/22,2021/3/22,344.02,0.9,1534.13,1524.75,1500.85,1484.18,1504.3,1,1,1,1
2021/3/23,2021/3/23,384.64,-0.55,1525.65,1525.75,1502.37,1486.13,1504.26,1,0,1,1
2021/3/24,2021/3/24,382.47,-1.04,1509.8,1522.78,1503.68,1487.92,1504.03,1,0,1,1
2021/3/25,2021/3/25,317.8,-0.31,1505.12,1519.02,1505.22,1490.41,1503.75,0,0,1,1
2021/3/26,2021/3/26,323.67,0.71,1515.79,1518.1,1507.49,1494.03,1504.03,1,0,1,1
2021/3/29,2021/3/29,303.06,0.34,1521,1515.47,1509.11,1497.78,1504.25,1,1,1,1
2021/3/30,2021/3/30,335.1,-0.29,1516.65,1513.67,1510.54,1500.51,1504.53,1,1,1,1
2021/3/31,2021/3/31,318.7,-0.2,1513.59,1514.43,1511.1,1502.78,1504.77,1,0,1,1
2021/4/1,2021/4/1,324.21,0.13,1515.61,1516.53,1512.3,1504.45,1504.81,1,0,1,1
2021/4/2,2021/4/2,283.87,0.11,1517.34,1516.84,1513.34,1505.44,1504.62,1,1,1,1
2021/4/6,2021/4/6,252.89,0.36,1522.87,1517.21,1515.04,1506.01,1504.12,1,1,1,1
2021/4/7,2021/4/7,265.09,0.08,1524.14,1518.71,1517.17,1506.98,1503.45,1,1,1,1
2021/4/8,2021/4/8,286.76,0.14,1526.34,1521.26,1518.7,1508.4,1502.92,1,1,1,1
2021/4/9,2021/4/9,255.14,0.02,1526.7,1523.48,1519.64,1510.15,1502.63,1,1,1,1
2021/4/12,2021/4/12,231.31,-0.79,1514.69,1522.95,1519.76,1511.62,1502.28,0,0,1,1
2021/4/13,2021/4/13,252.15,-0.11,1513.07,1520.99,1519.6,1512.44,1502.06,0,0,1,1
2021/4/14,2021/4/14,320.74,0.43,1519.62,1520.08,1519.55,1513.49,1501.84,1,0,1,1
2021/4/15,2021/4/15,272.59,-0.3,1515.05,1517.83,1519.07,1513.92,1501.82,0,0,1,1
2021/4/16,2021/4/16,247.07,0.54,1523.15,1517.12,1519.04,1514.97,1501.85,1,1,1,1
2021/4/19,2021/4/19,319.31,1.33,1543.41,1522.86,1520.19,1516.53,1502.09,1,1,1,1
2021/4/20,2021/4/20,386.24,0.25,1547.21,1529.69,1520.84,1518.47,1502.17,1,1,1,1
2021/4/21,2021/4/21,359.64,-0.18,1544.42,1534.65,1521.78,1520.57,1502.2,1,1,1,1
2021/4/22,2021/4/22,411.3,0.15,1546.68,1540.97,1523.62,1522.26,1502.22,1,1,1,1
2021/4/23,2021/4/23,419.61,-0.18,1543.83,1545.11,1525.56,1523.47,1502.07,1,0,1,1
2021/4/26,2021/4/26,630.87,-0.07,1542.83,1544.99,1526.91,1524.48,1501.97,1,0,1,1
2021/4/27,2021/4/27,687.96,-0.21,1539.56,1543.46,1527.84,1525.26,1501.92,1,0,1,1
2021/4/28,2021/4/28,655.36,0.26,1543.52,1543.28,1529.18,1526.02,1502.17,1,1,1,1
2021/4/29,2021/4/29,707.16,0.13,1545.54,1543.06,1530.78,1526.72,1502.74,1,1,1,1
2021/4/30,2021/4/30,702.58,-0.12,1543.76,1543.04,1532.19,1527.38,1503.6,1,1,1,1
2021/5/6,2021/5/6,618.12,0.65,1553.73,1545.22,1534.01,1528.49,1505.16,1,1,1,1
2021/5/7,2021/5/7,804.42,0.07,1554.82,1548.27,1535.6,1529.18,1506.68,1,1,1,1
2021/5/10,2021/5/10,860.62,1.5,1578.17,1555.2,1538.3,1530.93,1508.53,1,1,1,1
2021/5/11,2021/5/11,1120.57,0.6,1587.58,1563.61,1541.37,1533.53,1510.72,1,1,1,1
2021/5/12,2021/5/12,877.79,0.18,1590.48,1572.96,1544.56,1536.37,1513.39,1,1,1,1
2021/5/13,2021/5/13,835.57,-0.33,1585.28,1579.27,1548.09,1538.69,1516.36,1,1,1,1
2021/5/14,2021/5/14,831.29,0.38,1591.36,1586.57,1552,1541.03,1519.41,1,1,1,1
2021/5/17,2021/5/17,717.97,-0.32,1586.23,1588.19,1555.33,1543.35,1521.93,1,0,1,1
2021/5/18,2021/5/18,803.28,0.48,1593.85,1589.44,1559.27,1546.03,1524.4,1,1,1,1
2021/5/19,2021/5/19,816.26,0.17,1596.49,1590.64,1562.94,1548.72,1526.59,1,1,1,1
2021/5/20,2021/5/20,784.79,-0.29,1591.81,1591.95,1565.36,1551.21,1528.32,1,0,1,1
2021/5/21,2021/5/21,738.45,0.26,1595.94,1592.86,1567.79,1553.64,1529.83,1,1,1,1
2021/5/24,2021/5/24,611,0.44,1602.97,1596.21,1570.72,1556.27,1531.62,1,1,1,1
2021/5/25,2021/5/25,684.67,0.33,1608.23,1599.09,1573.8,1559,1533.7,1,1,1,1
2021/5/26,2021/5/26,697.9,0.47,1615.84,1602.96,1577.4,1561.97,1536.06,1,1,1,1
2021/5/27,2021/5/27,625.63,0.5,1623.98,1609.39,1581.46,1565.61,1538.62,1,1,1,1
2021/5/28,2021/5/28,572.8,-0.12,1622.08,1614.62,1585.58,1569.25,1540.84,1,1,1,1
2021/5/31,2021/5/31,525,0.56,1631.2,1620.27,1589.97,1572.97,1543.23,1,1,1,1
2021/6/1,2021/6/1,549.45,0.17,1633.92,1625.4,1594.39,1576.93,1545.42,1,1,1,1
2021/6/2,2021/6/2,482.59,-0.32,1628.68,1627.97,1598.63,1580.45,1547.71,1,1,1,1
2021/6/3,2021/6/3,444.91,0.08,1630.02,1629.18,1602.45,1583.33,1549.93,1,1,1,1
2021/6/4,2021/6/4,500.84,0.04,1630.59,1630.88,1606.24,1586.11,1552.29,1,0,1,1
2021/6/7,2021/6/7,414.57,0.09,1631.99,1631.04,1608.93,1589.03,1554.8,1,1,1,1
2021/6/8,2021/6/8,418.36,-0.15,1629.51,1630.16,1611.02,1591.79,1557.03,1,0,1,1
2021/6/9,2021/6/9,405.46,-0.01,1629.26,1630.27,1612.96,1594.64,1559.05,1,0,1,1
2021/6/10,2021/6/10,419.29,0.49,1637.2,1631.71,1615.56,1597.79,1561.13,1,1,1,1
2021/6/11,2021/6/11,562.15,-0.06,1636.2,1632.83,1617.8,1601.01,1563.13,1,1,1,1
2021/6/15,2021/6/15,476.19,-0.72,1624.37,1631.31,1619.71,1603.7,1564.86,1,0,1,1
2021/6/16,2021/6/16,498.86,-1.15,1605.72,1626.55,1620.3,1605.71,1566.21,0,0,1,1
2021/6/17,2021/6/17,506.49,-0.08,1604.44,1621.59,1620.7,1607.73,1567.56,0,0,0,1
2021/6/18,2021/6/18,510.5,0.44,1611.5,1616.45,1621.68,1609.66,1569.08,0,0,1,1
2021/6/21,2021/6/21,526.92,0.81,1624.61,1614.13,1623.12,1611.98,1570.58,1,1,1,1
2021/6/22,2021/6/22,573.4,0.74,1636.59,1616.57,1624.8,1613.93,1572.43,1,1,1,1
2021/6/23,2021/6/23,607.23,0.7,1648.03,1625.03,1626.79,1615.95,1574.74,1,1,1,1
2021/6/24,2021/6/24,578.94,0.16,1650.65,1634.28,1628.53,1617.95,1577.16,1,1,1,1
2021/6/25,2021/6/25,534.75,0.25,1654.76,1642.93,1630.07,1620.27,1579.48,1,1,1,1
2021/6/28,2021/6/28,491.8,0.52,1663.31,1650.67,1632.13,1622.67,1581.85,1,1,1,1
2021/6/29,2021/6/29,483.54,-0.45,1655.78,1654.51,1633.36,1624.98,1584.17,1,1,1,1
2021/6/30,2021/6/30,496.19,0.12,1657.73,1656.45,1634.55,1627.11,1586.57,1,1,1,1
2021/7/1,2021/7/1,505.54,-0.42,1650.69,1656.45,1635.65,1628.92,1588.82,1,0,1,1
2021/7/2,2021/7/2,567.62,-0.35,1644.88,1654.48,1636.39,1630.69,1590.95,1,0,1,1
2021/7/5,2021/7/5,573.05,0.61,1654.99,1652.81,1637.61,1632.66,1593.15,1,1,1,1
2021/7/6,2021/7/6,598.07,0.07,1656.12,1652.88,1638.82,1634.43,1595.35,1,1,1,1
2021/7/7,2021/7/7,649.88,1.07,1673.9,1656.12,1641.04,1636.62,1597.81,1,1,1,1
2021/7/8,2021/7/8,683.34,0.38,1680.23,1662.02,1643.59,1638.76,1600.37,1,1,1,1
2021/7/9,2021/7/9,706.07,0.61,1690.46,1671.14,1646.25,1640.98,1603.3,1,1,1,1
2021/7/12,2021/7/12,706.01,1.28,1712.12,1682.57,1650.04,1643.98,1606.61,1,1,1,1
2021/7/13,2021/7/13,796.77,1.02,1729.51,1697.24,1655.3,1647.26,1610.11,1,1,1,1
2021/7/14,2021/7/14,860.75,0.04,1730.24,1708.51,1661.53,1650.47,1613.7,1,1,1,1
2021/7/15,2021/7/15,922.97,-0.42,1723.04,1717.07,1667.46,1653.61,1617.03,1,1,1,1
2021/7/16,2021/7/16,756.64,0.13,1725.3,1724.04,1673.15,1656.79,1620.06,1,1,1,1
2021/7/19,2021/7/19,620.98,-0.18,1722.16,1726.05,1678.02,1659.84,1622.98,1,0,1,1
2021/7/20,2021/7/20,649.34,0.04,1722.8,1724.71,1682.34,1662.87,1625.95,1,0,1,1
2021/7/21,2021/7/21,760.49,1.41,1747.09,1728.08,1687.29,1666.79,1629.29,1,1,1,1
2021/7/22,2021/7/22,947.84,0.79,1760.85,1735.64,1692.8,1671.18,1632.91,1,1,1,1
2021/7/23,2021/7/23,794.32,-0.1,1759.11,1742.4,1698.02,1675.24,1636.51,1,1,1,1
2021/7/26,2021/7/26,768.25,-0.65,1747.71,1747.51,1702.24,1678.96,1639.98,1,1,1,1
2021/7/27,2021/7/27,818.46,-1.23,1726.2,1748.19,1705.76,1682.35,1643.03,1,0,1,1
2021/7/28,2021/7/28,887.94,-1.17,1706.07,1739.99,1708.17,1685.7,1645.7,0,0,1,1
2021/7/29,2021/7/29,931.71,2.06,1741.16,1736.05,1712.7,1690.25,1648.99,1,1,1,1
2021/7/30,2021/7/30,909.32,0.67,1752.83,1734.79,1718.09,1694.96,1652.31,1,1,1,1
2021/8/2,2021/8/2,858.05,1.37,1776.91,1740.63,1724.19,1700.04,1656.01,1,1,1,1
2021/8/3,2021/8/3,770.86,-0.52,1767.71,1748.94,1729.77,1704.41,1659.17,1,1,1,1
2021/8/4,2021/8/4,852.89,1.35,1791.54,1766.03,1735.65,1709.2,1662.57,1,1,1,1
2021/8/5,2021/8/5,819.05,-0.23,1787.47,1775.29,1741.01,1713.76,1665.85,1,1,1,1
2021/8/6,2021/8/6,821.27,0.39,1794.48,1783.62,1746.21,1718.41,1669.34,1,1,1,1
2021/8/9,2021/8/9,785.61,0.02,1794.88,1787.22,1750.35,1722.8,1672.73,1,1,1,1
2021/8/10,2021/8/10,854.77,0.31,1800.49,1793.77,1753.9,1727.62,1676.3,1,1,1,1
2021/8/11,2021/8/11,882.75,0.68,1812.77,1798.02,1758.03,1732.79,1679.95,1,1,1,1
2021/8/12,2021/8/12,868.87,0.41,1820.2,1804.56,1762.89,1738.44,1683.68,1,1,1,1
2021/8/13,2021/8/13,858.07,0.22,1824.28,1810.52,1767.84,1744.42,1687.55,1,1,1,1
2021/8/16,2021/8/16,731.83,-0.06,1823.22,1816.19,1772.89,1750.03,1691.34,1,1,1,1
2021/8/17,2021/8/17,769.45,-1.54,1795.14,1815.12,1776.51,1754.66,1694.55,1,0,1,1
2021/8/18,2021/8/18,770.55,0.23,1799.26,1812.42,1779.11,1758.84,1697.73,1,0,1,1
2021/8/19,2021/8/19,756.95,0.09,1800.82,1808.54,1781.11,1762.86,1700.81,1,0,1,1
2021/8/20,2021/8/20,712.81,-0.32,1794.99,1802.69,1782.91,1766.34,1703.66,1,0,1,1
2021/8/23,2021/8/23,748.83,1.53,1822.5,1802.54,1786.65,1770.02,1707,1,1,1,1
2021/8/24,2021/8/24,707.3,0.7,1835.35,1810.58,1792.1,1773.55,1710.41,1,1,1,1
2021/8/25,2021/8/25,724.77,0.75,1849.15,1820.56,1799.26,1777.52,1713.99,1,1,1,1
2021/8/26,2021/8/26,686,-0.08,1847.75,1829.95,1804.59,1781.67,1717.64,1,1,1,1
2021/8/27,2021/8/27,743.63,0.2,1851.39,1841.23,1809.52,1785.88,1721.33,1,1,1,1
2021/8/30,2021/8/30,754.94,0.74,1865.16,1849.76,1813.93,1790.64,1725.24,1,1,1,1
2021/8/31,2021/8/31,757.02,-0.09,1863.47,1855.38,1818.72,1795.33,1729.1,1,1,1,1
2021/9/1,2021/9/1,736.07,-0.34,1857.11,1856.98,1821.99,1799,1732.89,1,1,1,1
2021/9/2,2021/9/2,875.62,1.48,1884.67,1864.36,1826.85,1803.13,1737.15,1,1,1,1
2021/9/3,2021/9/3,890.55,-0.04,1883.86,1870.85,1831.32,1807.28,1741.26,1,1,1,1
2021/9/6,2021/9/6,758.5,0.71,1897.24,1877.27,1836.44,1812.27,1745.61,1,1,1,1
2021/9/7,2021/9/7,841.44,1.17,1919.36,1888.45,1842.38,1818.71,1750.53,1,1,1,1
2021/9/8,2021/9/8,847.41,0.42,1927.4,1902.51,1848.12,1826.09,1755.89,1,1,1,1
2021/9/9,2021/9/9,797.68,-0.1,1925.57,1910.69,1853.38,1832.23,1761.24,1,1,1,1
2021/9/10,2021/9/10,964.75,-0.3,1919.77,1917.87,1858.16,1837.8,1766.38,1,1,1,1
2021/9/13,2021/9/13,937.18,0.42,1927.76,1923.97,1863.39,1842.83,1771.43,1,1,1,1
2021/9/14,2021/9/14,1055.6,-0.61,1916.04,1923.31,1869.43,1847.77,1776.09,1,0,1,1
2021/9/15,2021/9/15,1075.97,0.06,1917.25,1921.28,1875.33,1851.96,1780.58,1,0,1,1
2021/9/16,2021/9/16,908.7,-1.98,1879.23,1912.01,1879.25,1855.02,1784.39,0,0,1,1
2021/9/17,2021/9/17,1003.78,-0.53,1869.29,1901.91,1882.97,1857.51,1787.96,0,0,1,1
2021/9/22,2021/9/22,749.88,0.42,1877.14,1891.79,1885.7,1860.25,1791.53,0,0,1,1
2021/9/23,2021/9/23,776.94,0.75,1891.14,1886.81,1888.49,1863.28,1795.45,1,1,1,1
2021/9/24,2021/9/24,799.96,-0.72,1877.58,1878.88,1889.91,1865.44,1799.11,0,0,1,1
2021/9/27,2021/9/27,763.07,-2.22,1835.86,1870.2,1889.31,1865.96,1802.2,0,0,0,1
2021/9/28,2021/9/28,711.95,0.34,1842.14,1864.77,1888.85,1866.55,1805.49,0,0,0,1
2021/9/29,2021/9/29,730.51,-1.8,1808.91,1851.13,1886.04,1866.08,1808.05,0,0,0,1
2021/9/30,2021/9/30,832.4,1.57,1837.25,1840.35,1884.73,1867.48,1811.07,0,0,0,1
2021/10/8,2021/10/8,572.64,0.44,1845.3,1833.89,1884.14,1869.02,1813.93,0,1,0,1
2021/10/11,2021/10/11,616.3,-0.16,1842.42,1835.2,1882.03,1870.4,1816.63,0,1,0,1
2021/10/12,2021/10/12,662.77,-1.67,1811.71,1829.12,1878.42,1870.96,1818.65,0,0,0,0
2021/10/13,2021/10/13,578.17,-0.21,1807.98,1828.93,1873.96,1870.48,1820.25,0,0,0,0
2021/10/14,2021/10/14,617.58,0.64,1819.53,1825.39,1868.96,1869.95,1821.75,0,0,0,0
2021/10/15,2021/10/15,630.98,0.26,1824.19,1821.17,1863.8,1869.12,1823.32,0,1,0,1
2021/10/18,2021/10/18,591.34,0.75,1837.83,1820.25,1859.42,1868.79,1825.23,0,1,0,1
2021/10/19,2021/10/19,635.01,0.82,1852.99,1828.5,1856.08,1868.84,1827.36,0,1,0,1
2021/10/20,2021/10/20,670.51,0.27,1858.07,1838.52,1852.59,1868.6,1829.62,1,1,0,1
2021/10/21,2021/10/21,641.02,-0.04,1857.27,1846.07,1849.65,1868.4,1831.86,1,1,0,1
2021/10/22,2021/10/22,708.03,-0.47,1848.53,1850.94,1846.22,1868.11,1833.55,1,0,0,1
2021/10/25,2021/10/25,770.39,0.76,1862.52,1855.88,1845.38,1867.37,1835.25,1,1,0,1
2021/10/26,2021/10/26,834.56,0.39,1869.71,1859.22,1845.4,1866.9,1837.09,1,1,1,1
2021/10/27,2021/10/27,922.5,-0.37,1862.81,1860.17,1844.69,1865.75,1839.01,1,1,0,1
2021/10/28,2021/10/28,946.69,-0.82,1847.57,1858.23,1842.51,1863.36,1841.03,1,0,0,1
2021/10/29,2021/10/29,954.4,0.56,1857.86,1860.09,1841.52,1861.04,1843.56,1,0,0,1
2021/11/1,2021/11/1,902.78,1.17,1879.51,1863.49,1843.71,1859.51,1845.87,1,1,1,1
2021/11/2,2021/11/2,866.27,-0.4,1871.97,1863.94,1845.2,1857.91,1847.85,1,1,1,1
2021/11/3,2021/11/3,932.52,0.27,1877.02,1866.79,1848.6,1856.22,1849.52,1,1,1,1
2021/11/4,2021/11/4,1000.36,1.32,1901.72,1877.62,1851.83,1855.74,1851.76,1,1,1,1
2021/11/5,2021/11/5,1083.6,-0.51,1892.1,1884.46,1854.17,1854.9,1853.43,1,1,1,1
2021/11/8,2021/11/8,955.55,0.63,1904.06,1889.37,1857.25,1855.73,1855.38,1,1,1,1
2021/11/9,2021/11/9,986.04,0.9,1921.2,1899.22,1862.72,1857.46,1857.49,1,1,1,1
2021/11/10,2021/11/10,1114.9,0.29,1926.86,1909.19,1868.67,1859.12,1859.69,1,1,1,1
2021/11/11,2021/11/11,1120.5,1.01,1946.36,1918.12,1875.01,1860.96,1862.12,1,1,1,1
2021/11/12,2021/11/12,1095.64,0.88,1963.45,1932.39,1881.97,1863.82,1864.63,1,1,1,1
2021/11/15,2021/11/15,955.16,0.52,1973.6,1946.29,1888.76,1868.41,1867.19,1,1,1,1
2021/11/16,2021/11/16,947.84,-0.78,1958.19,1953.69,1894.02,1872.28,1869.42,1,1,1,1
2021/11/17,2021/11/17,1087.07,0.72,1972.33,1962.79,1899.73,1877.73,1871.9,1,1,1,1
2021/11/18,2021/11/18,1098.17,-0.11,1970.12,1967.54,1905.37,1882.16,1874.82,1,1,1,1
2021/11/19,2021/11/19,1090.71,1.11,1991.95,1973.24,1912.55,1887.05,1878.03,1,1,1,1
2021/11/22,2021/11/22,946.84,1.25,2016.87,1981.89,1920.26,1892.86,1881.63,1,1,1,1
2021/11/23,2021/11/23,897.94,0.08,2018.42,1993.94,1927.7,1899.75,1885.36,1,1,1,1
2021/11/24,2021/11/24,955.96,0.16,2021.57,2003.79,1935.64,1906.87,1888.67,1,1,1,1
2021/11/25,2021/11/25,824.36,-0.12,2019.2,2013.6,1944.22,1913.53,1891.74,1,1,1,1
2021/11/26,2021/11/26,971.92,0.17,2022.58,2019.73,1952.45,1920.14,1894.63,1,1,1,1
2021/11/29,2021/11/29,877.88,0.66,2035.99,2023.55,1960.28,1926.75,1897.77,1,1,1,1
2021/11/30,2021/11/30,952.35,0.5,2046.17,2029.1,1968.99,1933.19,1901.01,1,1,1,1
2021/12/1,2021/12/1,870.61,0.65,2059.36,2036.66,1978.1,1939.9,1904.25,1,1,1,1
2021/12/2,2021/12/2,823.55,0.01,2059.65,2044.75,1986,1946.64,1907.52,1,1,1,1
2021/12/3,2021/12/3,884.38,0.37,2067.25,2053.68,1994.76,1953.93,1911.02,1,1,1,1
2021/12/6,2021/12/6,751.26,-1.56,2035.07,2053.5,2001.31,1959.68,1913.53,1,0,1,1
2021/12/7,2021/12/7,825.13,-2.5,1984.11,2041.09,2004.46,1963.5,1915.2,0,0,1,1
2021/12/8,2021/12/8,712.41,1.18,2007.52,2030.72,2008.49,1968.32,1917.04,0,0,1,1
2021/12/9,2021/12/9,681.32,0.67,2021.03,2023,2012.22,1974.1,1918.73,1,0,1,1
2021/12/10,2021/12/10,632.26,0.68,2034.73,2016.49,2015.79,1980,1920.52,1,1,1,1
2021/12/13,2021/12/13,634.17,0.4,2042.81,2018.04,2019.25,1985.44,1922.47,1,1,1,1
2021/12/14,2021/12/14,583.38,-0.41,2034.43,2028.1,2023.06,1990.86,1924.38,1,1,1,1
2021/12/15,2021/12/15,528.46,0.03,2035.01,2033.6,2026.19,1996.12,1926.17,1,1,1,1
2021/12/16,2021/12/16,529.29,0.41,2043.33,2038.06,2029.85,2000.84,1928.29,1,1,1,1
2021/12/17,2021/12/17,484.41,-0.18,2039.71,2039.06,2032.24,2005.76,1930.33,1,1,1,1
2021/12/20,2021/12/20,455.1,-0.79,2023.6,2035.22,2032.58,2009.75,1932.74,0,0,1,1
2021/12/21,2021/12/21,513.69,0.78,2039.36,2036.2,2033.62,2013.69,1935.58,1,1,1,1
2021/12/22,2021/12/22,520.21,0.65,2052.7,2039.74,2035.18,2017.88,1938.5,1,1,1,1
2021/12/23,2021/12/23,612.77,0.62,2065.34,2044.14,2037.49,2021.85,1941.4,1,1,1,1
2021/12/24,2021/12/24,577.03,-0.57,2053.53,2046.91,2039.04,2024.85,1944.34,1,1,1,1
2021/12/27,2021/12/27,541.59,-0.22,2049.05,2052,2039.69,2027.37,1947.89,1,0,1,1
2021/12/28,2021/12/28,481.72,0.11,2051.24,2054.37,2039.94,2030.47,1951.38,1,0,1,1
2021/12/29,2021/12/29,442.21,-0.23,2046.53,2053.14,2039.3,2032.94,1955.34,1,0,1,1
2021/12/30,2021/12/30,466.94,0.42,2055.14,2051.1,2039.07,2035.78,1958.97,1,1,1,1
2021/12/31,2021/12/31,543.52,0.88,2073.27,2055.05,2039.38,2038.49,1962.77,1,1,1,1
2022/1/4,2022/1/4,549.48,0.78,2089.4,2063.12,2042.09,2040.9,1966.88,1,1,1,1
2022/1/5,2022/1/5,560.17,-0.93,2069.93,2066.85,2046.38,2042.62,1971.19,1,1,1,1
2022/1/6,2022/1/6,581.67,0.56,2081.41,2073.83,2050.08,2044.62,1975.74,1,1,1,1
2022/1/7,2022/1/7,508.81,-0.63,2068.34,2076.47,2052.44,2046.25,1979.89,1,0,1,1
2022/1/10,2022/1/10,535.26,0.49,2078.58,2077.53,2054.64,2048.12,1984.13,1,1,1,1
2022/1/11,2022/1/11,528.58,-0.72,2063.53,2072.36,2055.67,2049.04,1987.89,1,0,1,1
2022/1/12,2022/1/12,594.19,0.95,2083.2,2075.01,2058.11,2050.27,1991.73,1,1,1,1
2022/1/13,2022/1/13,621.62,-0.71,2068.49,2072.43,2059.78,2050.58,1995.24,1,0,1,1
2022/1/14,2022/1/14,656.74,-0.84,2051.11,2068.98,2060.17,2050.29,1998.47,0,0,1,1
2022/1/17,2022/1/17,657.75,1.16,2074.95,2068.26,2061.94,2050.55,2002.24,1,1,1,1
2022/1/18,2022/1/18,712.63,-0.09,2073.1,2070.17,2064.41,2051.82,2005.75,1,1,1,1
2022/1/19,2022/1/19,691.31,-0.03,2072.5,2068.03,2066.07,2054.76,2009.13,1,1,1,1
2022/1/20,2022/1/20,744.38,-0.67,2058.72,2066.08,2066.37,2056.47,2012.4,0,0,1,1
2022/1/21,2022/1/21,598.02,-0.53,2047.91,2065.44,2065.5,2057.36,2015.73,0,0,0,1
2022/1/24,2022/1/24,612.36,0.39,2055.9,2061.63,2065.62,2058.07,2019.03,0,0,0,1
2022/1/25,2022/1/25,697.6,-1.63,2022.37,2051.48,2064.28,2057.39,2021.42,0,0,0,1
2022/1/26,2022/1/26,759.76,0.42,2030.82,2043.14,2063.26,2057.27,2024.06,0,0,0,1
2022/1/27,2022/1/27,679.62,-1.26,2005.29,2032.46,2061.2,2056.28,2026.2,0,0,0,0
2022/1/28,2022/1/28,597.12,0.11,2007.46,2024.37,2058.81,2055.08,2027.96,0,0,0,0
2022/2/7,2022/2/7,458.18,1.12,2029.98,2019.18,2056.65,2054.76,2030.26,0,1,0,0
2022/2/8,2022/2/8,596,0.12,2032.38,2021.19,2053.8,2055.05,2032.4,0,1,0,0
2022/2/9,2022/2/9,693.76,1.34,2059.63,2026.95,2053.28,2055.73,2034.71,1,1,1,1
2022/2/10,2022/2/10,626.65,0.18,2063.42,2038.57,2052.38,2056.08,2036.98,1,1,1,1
2022/2/11,2022/2/11,549.66,-1.07,2041.26,2045.33,2051.03,2055.28,2038.56,0,0,0,1
2022/2/14,2022/2/14,575.1,-3.1,1977.94,2034.93,2046,2052.76,2038.81,0,0,0,0
2022/2/15,2022/2/15,618.71,-1.58,1946.67,2017.78,2040.16,2049.35,2038.36,0,0,0,0
2022/2/16,2022/2/16,523.19,0.66,1959.44,1997.75,2033.97,2046.29,2038.38,0,0,0,0
2022/2/17,2022/2/17,557.98,0.18,1963.04,1977.67,2028.69,2043.51,2038.22,0,0,0,0
2022/2/18,2022/2/18,585.82,0.8,1978.81,1965.18,2025.08,2040.96,2038.37,0,1,0,0
2022/2/21,2022/2/21,739.9,1.18,2002.16,1970.02,2021.44,2038.59,2038.54,0,1,0,0
2022/2/22,2022/2/22,1123.86,-0.6,1990.18,1978.73,2017.29,2035.28,2038.09,0,1,0,0
2022/2/23,2022/2/23,994.58,1.75,2024.95,1991.83,2014.92,2033.78,2038.2,1,1,0,0
2022/2/24,2022/2/24,1172.01,-0.88,2007.05,2000.63,2012.33,2031.31,2037.96,0,1,0,0
2022/2/25,2022/2/25,1061.93,0.96,2026.3,2010.13,2011.25,2029.9,2038.08,1,1,0,0
2022/2/28,2022/2/28,891,0.51,2036.55,2017.01,2010.29,2028.5,2038.31,1,1,1,0
2022/3/1,2022/3/1,1078.03,0.34,2043.45,2027.66,2011.34,2027.83,2038.44,1,1,1,1
2022/3/2,2022/3/2,1026.02,-0.17,2039.92,2030.65,2011.79,2026.39,2038.33,1,1,1,1
2022/3/3,2022/3/3,1010.28,-1.03,2018.89,2033.02,2012.47,2024.74,2037.66,1,0,0,0
2022/3/4,2022/3/4,974.26,-1.55,1987.64,2025.29,2011.48,2022.62,2036.46,0,0,0,0
2022/3/7,2022/3/7,853.53,-2.4,1939.91,2005.96,2006.98,2018.12,2034.33,0,0,0,0
2022/3/8,2022/3/8,1071.71,-2.63,1888.87,1975.05,1999.8,2011.98,2031.9,0,0,0,0
2022/3/9,2022/3/9,1029.72,-0.86,1872.69,1941.6,1990.46,2005.32,2030.04,0,0,0,0
2022/3/10,2022/3/10,971.51,2,1910.23,1919.87,1982.8,2000.37,2028.42,0,0,0,0
2022/3/11,2022/3/11,898.65,-0.06,1909.05,1904.15,1976.19,1995.74,2026.55,0,1,0,0
2022/3/14,2022/3/14,769.21,-0.74,1894.9,1895.15,1972.04,1990.38,2024.22,0,0,0,0
2022/3/15,2022/3/15,873.76,-1.94,1858.18,1889.01,1967.61,1984.9,2021.15,0,0,0,0
2022/3/16,2022/3/16,1035.89,1.71,1889.9,1892.45,1964.13,1980.2,2018.74,0,0,0,0
2022/3/17,2022/3/17,1106.27,1.61,1920.29,1894.46,1962,1977.37,2016.82,0,1,0,0
2022/3/18,2022/3/18,892.07,0.83,1936.17,1899.89,1959.86,1975,2015.04,0,1,0,0
2022/3/21,2022/3/21,914.7,0.5,1945.91,1910.09,1957.05,1972.19,2013.48,0,1,0,0
2022/3/22,2022/3/22,793.79,-0.34,1939.25,1926.3,1954.5,1969.09,2012.07,0,1,0,0
2022/3/23,2022/3/23,812.9,-0.21,1935.26,1935.38,1950.02,1964.94,2010.33,0,0,0,0
2022/3/24,2022/3/24,768.77,-1.35,1909.19,1933.16,1945.13,1959.8,2007.94,0,0,0,0
2022/3/25,2022/3/25,829.65,-1.03,1889.45,1923.81,1938.29,1954.74,2005.01,0,0,0,0
2022/3/28,2022/3/28,656.82,-0.69,1876.38,1909.91,1930.28,1951.36,2002.06,0,0,0,0
2022/3/29,2022/3/29,762.03,-0.3,1870.77,1896.21,1921.64,1948.83,1999.09,0,0,0,0
2022/3/30,2022/3/30,736.04,1.46,1898.15,1888.79,1914.55,1946.78,1996.54,0,1,0,0
2022/3/31,2022/3/31,796.35,-0.13,1895.74,1886.1,1908.4,1944.54,1994.02,0,1,0,0
2022/4/1,2022/4/1,784.9,0.73,1909.51,1890.11,1904.49,1942.23,1991.6,1,1,0,0
2022/4/6,2022/4/6,664.13,0.28,1914.91,1897.82,1903.24,1939.32,1988.96,1,1,0,0
2022/4/7,2022/4/7,744.09,-0.84,1898.75,1903.41,1903.73,1936.27,1985.78,0,0,0,0
2022/4/8,2022/4/8,749.55,-0.26,1893.81,1902.54,1904.79,1931.9,1982.84,0,0,0,0
2022/4/11,2022/4/11,687.78,-1.51,1865.23,1896.44,1902.54,1927.18,1979.24,0,0,0,0
2022/4/12,2022/4/12,722.25,0.23,1869.62,1888.46,1900.57,1921.95,1975.93,0,0,0,0
2022/4/13,2022/4/13,706.46,-0.67,1857.14,1876.91,1898.68,1915.97,1972.24,0,0,0,0
2022/4/14,2022/4/14,716.42,0.6,1868.29,1870.82,1899.19,1910.13,1968.98,0,0,0,0
2022/4/15,2022/4/15,934.88,-0.22,1864.23,1864.9,1897.9,1904.28,1965.33,0,0,0,0
2022/4/18,2022/4/18,915.05,0.86,1880.25,1867.91,1895.9,1899.66,1962.2,0,1,0,0
2022/4/19,2022/4/19,1220.9,0.91,1897.32,1873.45,1893.96,1896.65,1959.63,1,1,1,0
2022/4/20,2022/4/20,1372.61,-0.41,1889.62,1879.94,1891.14,1894.97,1956.54,0,1,0,0
2022/4/21,2022/4/21,1268.45,-1.41,1862.9,1878.86,1887.33,1894.1,1953.04,0,0,0,0
2022/4/22,2022/4/22,1064.26,-0.89,1846.26,1875.27,1882.88,1893.22,1949.27,0,0,0,0
2022/4/25,2022/4/25,973.36,-3.01,1790.65,1857.35,1876.95,1889.24,1944.8,0,0,0,0
2022/4/26,2022/4/26,1196.64,-0.6,1779.84,1833.85,1871.47,1884.93,1940.34,0,0,0,0
2022/4/27,2022/4/27,1311.1,1.68,1809.7,1817.87,1868.13,1882.09,1936.23,0,0,0,0
2022/4/28,2022/4/28,1314.4,-0.03,1809.09,1807.11,1865.05,1880.45,1932.68,0,1,0,0
2022/4/29,2022/4/29,1442.34,2.15,1847.93,1807.44,1862.54,1879.05,1929.63,0,1,0,0
2022/5/5,2022/5/5,1101.26,1.23,1870.6,1823.43,1861.28,1877.4,1927.38,1,1,0,0
2022/5/6,2022/5/6,1395.26,-0.43,1862.49,1839.96,1858.93,1874.94,1924.97,1,1,0,0
2022/5/9,2022/5/9,1264.28,0.75,1876.38,1853.3,1857,1872.62,1922.41,1,1,1,0
2022/5/10,2022/5/10,1453.84,0.68,1889.05,1869.29,1856.52,1870.95,1920.02,1,1,1,0
2022/5/11,2022/5/11,1864.95,1.15,1910.69,1881.84,1857.36,1870.13,1917.54,1,1,1,0
2022/5/12,2022/5/12,1693.63,0.21,1914.76,1890.67,1859.84,1870.32,1915.06,1,1,1,0
2022/5/13,2022/5/13,1624.4,0.63,1926.75,1903.53,1862.7,1871.56,1913.15,1,1,1,1
2022/5/16,2022/5/16,1553.55,0.67,1939.6,1916.17,1866.82,1873.67,1912.51,1,1,1,1
2022/5/17,2022/5/17,1740.54,0.3,1945.5,1927.46,1870.68,1876.16,1912.49,1,1,1,1
2022/5/18,2022/5/18,1656.29,0.26,1950.63,1935.45,1875,1877.91,1912.35,1,1,1,1
2022/5/19,2022/5/19,1622.78,0.23,1955.04,1943.5,1878.74,1879.88,1912.21,1,1,1,1
2022/5/20,2022/5/20,1534.62,0.41,1963.08,1950.77,1882.03,1881.67,1911.95,1,1,1,1
2022/5/23,2022/5/23,1248.59,0.49,1972.69,1957.39,1886.18,1883.6,1911.46,1,1,1,1
2022/5/24,2022/5/24,1261.33,-2.06,1931.96,1954.68,1889.63,1884.7,1910.49,1,0,1,1
2022/5/25,2022/5/25,1200.35,0.63,1944.19,1953.39,1894.53,1886.38,1909.14,1,0,1,1
2022/5/26,2022/5/26,1150.17,0.21,1948.21,1952.03,1902.41,1889.15,1908.16,1,0,1,1
2022/5/27,2022/5/27,1000.49,-0.01,1948,1949.01,1910.82,1891.76,1906.86,1,0,1,1
2022/5/30,2022/5/30,859.75,0.13,1950.51,1944.57,1917.86,1894.87,1905.42,1,1,1,1
2022/5/31,2022/5/31,978.71,0.23,1954.9,1949.16,1925.15,1897.76,1903.95,1,1,1,1
2022/6/1,2022/6/1,1243.92,0.39,1962.56,1952.84,1930.88,1901.04,1902.66,1,1,1,1
2022/6/2,2022/6/2,1580.19,0.54,1973.12,1957.82,1936.01,1904.13,1901.89,1,1,1,1
2022/6/6,2022/6/6,1561.8,1.17,1996.15,1967.45,1942.69,1907.43,1902.04,1,1,1,1
2022/6/7,2022/6/7,1622.43,0.09,1997.88,1976.92,1948.76,1911.04,1903,1,1,1,1
2022/6/8,2022/6/8,2080.96,0.21,2002,1986.34,1954.41,1915.67,1904.89,1,1,1,1
2022/6/9,2022/6/9,1840.53,-0.42,1993.57,1992.54,1958.55,1920.58,1906.9,1,1,1,1
2022/6/10,2022/6/10,1700.24,0.84,2010.26,1999.97,1963.33,1927.9,1908.57,1,1,1,1
2022/6/13,2022/6/13,1493.77,0.3,2016.25,2003.99,1967.81,1935.78,1910.36,1,1,1,1
2022/6/14,2022/6/14,1583.9,-0.27,2010.75,2006.57,1971.36,1942.49,1912.29,1,1,1,1
2022/6/15,2022/6/15,1622.3,0.69,2024.64,2011.09,1975.32,1949.67,1915.06,1,1,1,1
2022/6/16,2022/6/16,1823.79,0.73,2039.4,2020.26,1979.76,1956.05,1917.55,1,1,1,1
2022/6/17,2022/6/17,1747.23,0.49,2049.33,2028.07,1984.47,1962.01,1919.7,1,1,1,1
2022/6/20,2022/6/20,1245.02,-1.12,2026.28,2030.08,1987.63,1967.47,1921.21,1,0,1,1
2022/6/21,2022/6/21,1323.87,0.15,2029.32,2033.79,1990.46,1972.57,1922.6,1,0,1,1
2022/6/22,2022/6/22,1572.6,0.14,2032.18,2035.3,1995.47,1977.34,1924.15,1,0,1,1
2022/6/23,2022/6/23,1647.71,0.78,2048.01,2037.02,2000.67,1981.92,1926.02,1,1,1,1
2022/6/24,2022/6/24,1646.32,0.73,2062.98,2039.75,2006.4,1986.86,1928.59,1,1,1,1
2022/6/27,2022/6/27,1578.19,1,2083.69,2051.24,2013.19,1992.09,1931.82,1,1,1,1
2022/6/28,2022/6/28,1727.02,0.78,2099.86,2065.34,2020.66,1997.43,1935.55,1,1,1,1
2022/6/29,2022/6/29,1612.54,-1.33,2071.99,2073.31,2026.51,2001.65,1938.9,1,0,1,1
2022/6/30,2022/6/30,1511.98,0.65,2085.4,2080.78,2032.65,2006.14,1942.02,1,1,1,1
2022/7/1,2022/7/1,1299.58,-0.02,2084.94,2085.18,2038.24,2010.47,1945.18,1,0,1,1
2022/7/4,2022/7/4,1263.89,0.67,2098.91,2088.22,2043.38,2015,1948.33,1,1,1,1
2022/7/5,2022/7/5,1283.59,-0.25,2093.71,2086.99,2048.17,2019.03,1951.31,1,1,1,1
2022/7/6,2022/7/6,1211.28,-0.73,2078.49,2088.29,2052,2023.92,1954.31,1,0,1,1
2022/7/7,2022/7/7,1288.43,0.6,2091,2089.41,2056.87,2028.81,1957.6,1,1,1,1
2022/7/8,2022/7/8,1040.64,-0.29,2085.02,2089.43,2060.61,2033.37,1961.26,1,0,1,1
2022/7/11,2022/7/11,954.72,-0.92,2065.81,2082.81,2063.09,2037.3,1964.53,1,0,1,1
2022/7/12,2022/7/12,914.37,-1.13,2042.39,2072.54,2064.67,2040.36,1967.62,0,0,1,1
2022/7/13,2022/7/13,947.95,0.67,2056.09,2068.06,2066.24,2043.73,1970.75,0,0,1,1
2022/7/14,2022/7/14,1014.97,0.65,2069.39,2063.74,2067.74,2047.29,1974.17,1,1,1,1
2022/7/15,2022/7/15,964.68,-0.27,2063.83,2059.5,2068.46,2050.32,1977.23,0,1,1,1
2022/7/18,2022/7/18,1036.25,1.18,2088.08,2063.96,2071.55,2053.38,1980.4,1,1,1,1
2022/7/19,2022/7/19,1149.7,0.53,2099.04,2075.29,2075.04,2056.75,1983.9,1,1,1,1
2022/7/20,2022/7/20,1147.48,0.7,2113.8,2086.83,2079.12,2060.48,1988.08,1,1,1,1
2022/7/21,2022/7/21,1245.16,-0.29,2107.58,2094.47,2082.1,2064.28,1992.43,1,1,1,1
2022/7/22,2022/7/22,1094.44,-0.33,2100.73,2101.85,2083.99,2067.3,1997.6,1,0,1,1
2022/7/25,2022/7/25,1028.66,-0.43,2091.68,2102.57,2084.39,2069.81,2002.8,1,0,1,1
2022/7/26,2022/7/26,1129.54,0.73,2106.86,2104.13,2084.74,2073.01,2007.75,1,1,1,1
2022/7/27,2022/7/27,1116.32,0.86,2125.09,2106.39,2087.39,2076.36,2013.02,1,1,1,1
2022/7/28,2022/7/28,1172.8,0.72,2140.32,2112.94,2090.14,2079.73,2017.89,1,1,1,1
2022/7/29,2022/7/29,1176.5,-0.1,2138.27,2120.44,2092.8,2082.69,2022.35,1,1,1,1
2022/8/1,2022/8/1,1003.98,0.65,2152.25,2132.56,2095.47,2086.89,2027.18,1,1,1,1
2022/8/2,2022/8/2,1037.15,-1.34,2123.37,2135.86,2096.95,2090.03,2031.3,1,0,1,1
2022/8/3,2022/8/3,1063.34,-0.35,2115.88,2134.02,2098.82,2092.82,2035.08,1,0,1,1
2022/8/4,2022/8/4,979.52,0.26,2121.31,2130.22,2100.34,2095.26,2038.59,1,0,1,1
2022/8/5,2022/8/5,867.91,0.19,2125.26,2127.61,2102.35,2097.33,2042.1,1,0,1,1
2022/8/8,2022/8/8,908.95,0.97,2145.98,2126.36,2106.36,2099.41,2045.75,1,1,1,1
2022/8/9,2022/8/9,934.89,0.22,2150.77,2131.84,2111.78,2101.11,2049.27,1,1,1,1
2022/8/10,2022/8/10,863.57,0.05,2151.78,2139.02,2116.56,2103.77,2052.71,1,1,1,1
2022/8/11,2022/8/11,763.65,0.53,2163.16,2147.39,2121.25,2106.36,2056.25,1,1,1,1
2022/8/12,2022/8/12,684.13,-0.13,2160.39,2154.42,2126.08,2108.87,2059.67,1,1,1,1
2022/8/15,2022/8/15,659.23,0.49,2170.89,2159.4,2130.22,2111.27,2063.14,1,1,1,1
2022/8/16,2022/8/16,733.25,0.51,2181.85,2165.61,2134.36,2114.21,2066.62,1,1,1,1
2022/8/17,2022/8/17,699.33,0.08,2183.56,2171.97,2137.85,2117.71,2070.82,1,1,1,1
2022/8/18,2022/8/18,680.75,-0.76,2166.89,2172.72,2140.81,2120.24,2074.53,1,0,1,1
2022/8/19,2022/8/19,677.91,-1.44,2135.65,2167.77,2142.56,2121.93,2077.65,0,0,1,1
2022/8/22,2022/8/22,597.67,0.36,2143.27,2162.24,2145.14,2124.51,2080.91,0,0,1,1
2022/8/23,2022/8/23,614.75,0.25,2148.63,2155.6,2147.23,2128.05,2084.21,1,0,1,1
2022/8/24,2022/8/24,608.35,-2.23,2100.82,2139.05,2146.02,2129.55,2086.64,0,0,0,1
2022/8/25,2022/8/25,624.08,-1.22,2075.24,2120.72,2142.76,2129.74,2088.52,0,0,0,0
2022/8/26,2022/8/26,565.75,-0.17,2071.71,2107.93,2139.43,2130,2090.16,0,0,0,0
2022/8/29,2022/8/29,548.61,-0.18,2068.06,2092.89,2135.22,2129.34,2091.36,0,0,0,0
2022/8/30,2022/8/30,563.96,-0.25,2062.95,2075.76,2132.2,2128.13,2092.44,0,0,0,0
2022/8/31,2022/8/31,542.22,-1.95,2022.72,2060.14,2127.54,2125.1,2092.79,0,0,0,0
2022/9/1,2022/9/1,473.07,-0.28,2017.08,2048.5,2122.33,2122.08,2093.18,0,0,0,0
2022/9/2,2022/9/2,506.63,0.87,2034.69,2041.1,2117.8,2119.88,2093.59,0,0,0,0
2022/9/5,2022/9/5,446.23,0.68,2048.61,2037.21,2112.94,2118.44,2094.13,0,1,0,0
2022/9/6,2022/9/6,548.11,1.18,2072.84,2039.19,2109.04,2117.31,2095.16,0,1,0,0
2022/9/7,2022/9/7,552.69,0.57,2084.72,2051.59,2105.69,2115.96,2096.16,0,1,0,0
2022/9/8,2022/9/8,531.7,-0.73,2069.52,2062.08,2101,2113.6,2096.67,0,1,0,0
2022/9/9,2022/9/9,456.31,-0.21,2065.16,2068.17,2096.24,2111.17,2096.93,0,0,0,0
2022/9/13,2022/9/13,483.92,0.19,2069.14,2072.28,2091.16,2108.4,2097.64,0,0,0,0
2022/9/14,2022/9/14,459.07,-0.49,2058.92,2069.49,2085.01,2106.25,2098.14,0,0,0,0
2022/9/15,2022/9/15,506.16,-1.41,2029.89,2058.53,2077.33,2103.38,2098.1,0,0,0,0
2022/9/16,2022/9/16,448.21,-1.17,2006.18,2045.86,2069.29,2099.54,2097.4,0,0,0,0
2022/9/19,2022/9/19,430.52,-0.45,1997.23,2032.27,2062.37,2095.28,2096.31,0,0,0,0
2022/9/20,2022/9/20,488.15,0.76,2012.31,2020.91,2055.82,2090.82,2095.12,0,0,0,0
2022/9/21,2022/9/21,469.12,0.35,2019.37,2013,2049.36,2086.44,2093.77,0,1,0,0
2022/9/22,2022/9/22,435.21,-0.1,2017.31,2010.48,2045.18,2081.96,2092.86,0,1,0,0
2022/9/23,2022/9/23,483.05,-0.93,1998.65,2008.97,2041.35,2076.48,2091.42,0,0,0,0
2022/9/26,2022/9/26,431.69,-0.6,1986.7,2006.87,2037.1,2070.69,2089.78,0,0,0,0
2022/9/27,2022/9/27,443.51,0.63,1999.26,2004.26,2033.66,2064.96,2088.12,0,0,0,0
2022/9/28,2022/9/28,370.89,-1.18,1975.67,1995.52,2029.3,2058.09,2086.15,0,0,0,0
2022/9/29,2022/9/29,421.9,-0.46,1966.5,1985.36,2026.49,2050.86,2084.29,0,0,0,0
2022/9/30,2022/9/30,362.59,-0.53,1956.06,1976.84,2023.44,2043.83,2082.04,0,0,0,0
